{
  "results": [
    {
      "command": "zsh -ic exit",
      "mean": 10.532322829704999,
      "stddev": 1.7682232132419267,
      "median": 10.518067703705,
      "user": 2.71251629,
      "system": 1.5234025899999997,
      "min": 8.162503398204999,
      "max": 14.419340088204999,
      "times": [
        10.349044482204999,
        11.086163546204999,
        11.122832698205,
        14.419340088204999,
        11.756294380205,
        10.687090925205,
        8.162503398204999,
        9.633246009205,
        9.154495260205,
        8.952217509205
      ]
    }
  ]
}
