{
  "results": [
    {
      "command": "zsh -ic exit",
      "mean": 1.48785547628,
      "stddev": 0.19897315896593176,
      "median": 1.40998003768,
      "user": 2.5456412,
      "system": 1.2368850200000001,
      "min": 1.27484133368,
      "max": 1.83666858568,
      "times": [
        1.83666858568,
        1.40699806068,
        1.27484133368,
        1.5817523946799998,
        1.36213936868,
        1.38523632868,
        1.83212250268,
        1.44498462868,
        1.34084954468,
        1.41296201468
      ],
      "exit_codes": [
        0,
        0,
        0,
        0,
        0,
        0,
        0,
        0,
        0,
        0
      ]
    }
  ]
}
