{
  "results": [
    {
      "command": "zsh -ic exit",
      "mean": 25.031571562200003,
      "stddev": 0.9703188084807387,
      "median": 24.875217636900004,
      "user": 1.4355292,
      "system": 0.7412006200000001,
      "min": 23.7440469699,
      "max": 27.0196155549,
      "times": [
        24.787991928900002,
        23.8971239289,
        24.7608393449,
        27.0196155549,
        25.290820303900002,
        23.7440469699,
        26.0673917219,
        24.5317783449,
        24.962443344900002,
        25.2536641789
      ],
      "exit_codes": [
        0,
        0,
        0,
        0,
        0,
        0,
        0,
        0,
        0,
        0
      ]
    }
  ]
}
