{
  "results": [
    {
      "command": "zsh -ic exit",
      "mean": 0.03726050675611111,
      "stddev": 0.0033479486528191433,
      "median": 0.03693363502000001,
      "user": 0.02579597333333333,
      "system": 0.011793834444444443,
      "min": 0.032022905020000006,
      "max": 0.046503383020000004,
      "times": [
        0.03972800202000001,
        0.03716089602000001,
        0.034107410020000006,
        0.034932755020000004,
        0.037612769020000006,
        0.039018460020000006,
        0.03720434502000001,
        0.03515814602,
        0.04154312502000001,
        0.04337621802,
        0.033007865020000006,
        0.03555092302000001,
        0.03482892202000001,
        0.03487467902000001,
        0.03405806002,
        0.03597647802000001,
        0.03885169402000001,
        0.03578891202000001,
        0.038256283020000004,
        0.038302221020000006,
        0.032839323020000005,
        0.036192498020000005,
        0.03479434002,
        0.03355820702000001,
        0.037938626020000005,
        0.037745642020000005,
        0.03417081702000001,
        0.04519940502000001,
        0.03361096702000001,
        0.036731246020000004,
        0.03497307502000001,
        0.038030615020000005,
        0.03526094902000001,
        0.034810336020000006,
        0.03743090602000001,
        0.03475968002,
        0.034025891020000004,
        0.035350654020000004,
        0.04548757802,
        0.04474036202000001,
        0.039490426020000004,
        0.039967867020000006,
        0.033502014020000005,
        0.03618890302,
        0.03686075902000001,
        0.040489373020000004,
        0.032022905020000006,
        0.04224206802,
        0.03552154802,
        0.046503383020000004,
        0.037605561020000004,
        0.03381084002,
        0.038614249020000005,
        0.03285744502000001,
        0.035012946020000005,
        0.03435043002,
        0.04047734202000001,
        0.03700651102000001,
        0.03779540202000001,
        0.03387045602,
        0.03548311802,
        0.03825479602,
        0.037118582020000006,
        0.040583985020000005,
        0.038254832020000004,
        0.04573463702,
        0.03912637402000001,
        0.035374909020000005,
        0.04022309602000001,
        0.040187482020000005,
        0.03376187202000001,
        0.03747309402000001
      ]
    }
  ]
}
