{
  "results": [
    {
      "command": "zsh -ic exit",
      "mean": 5.890753535705,
      "stddev": 0.7788586061410996,
      "median": 5.7670576606049995,
      "user": 2.13891163,
      "system": 0.8415885700000001,
      "min": 5.076161528605,
      "max": 7.661672132605,
      "times": [
        5.274603487605,
        5.770018765605,
        5.076161528605,
        5.764096555605,
        6.332976267605,
        5.275601240605,
        6.066937030605,
        6.408414450605,
        5.277053897605,
        7.661672132605
      ]
    }
  ]
}
