{
  "results": [
    {
      "command": "zsh -ic exit",
      "mean": 20.252367349364995,
      "stddev": 1.2013087010495485,
      "median": 20.087318152265,
      "user": 2.74239519,
      "system": 1.3184768199999999,
      "min": 18.352390481265,
      "max": 22.674081992265,
      "times": [
        20.070361738265,
        22.674081992265,
        20.149087912265,
        21.143921200264998,
        19.285226841265,
        19.661612911265,
        19.766214601265,
        20.104274566265,
        21.316501249265,
        18.352390481265
      ]
    }
  ]
}
