{
  "results": [
    {
      "command": "zsh -ic exit",
      "mean": 5.1651639969300005,
      "stddev": 1.9339331319573525,
      "median": 4.86237813093,
      "user": 3.17135957,
      "system": 1.6679432350000003,
      "min": 3.4150133089300003,
      "max": 10.13215879693,
      "times": [
        4.88096072793,
        5.87694969993,
        3.8430518509300002,
        4.84379553393,
        10.13215879693,
        3.4150133089300003,
        3.8676727639300004,
        5.4638225789299995,
        5.44299980093,
        3.8852149069300004
      ]
    }
  ]
}
