{
  "results": [
    {
      "command": "zsh -ic exit",
      "mean": 4.17036095991,
      "stddev": 1.5042884811059123,
      "median": 3.7841037468099996,
      "user": 3.27996524,
      "system": 1.634461925,
      "min": 3.3414878298099997,
      "max": 8.37038602181,
      "times": [
        3.78711860981,
        4.264688174810001,
        3.74452871981,
        3.78108888381,
        3.90722334681,
        8.37038602181,
        3.81021180081,
        3.34599082481,
        3.35088538681,
        3.3414878298099997
      ]
    }
  ]
}
