{
  "results": [
    {
      "command": "zsh -ic exit",
      "mean": 4.892014028119999,
      "stddev": 0.5311429189231907,
      "median": 4.7900313617200005,
      "user": 1.1156559,
      "system": 0.50105592,
      "min": 4.37218600672,
      "max": 6.17205542472,
      "times": [
        5.100553340719999,
        4.97359475772,
        4.37218600672,
        6.17205542472,
        5.17053029872,
        4.6867933407199995,
        4.71026046572,
        4.38724446472,
        4.86980225772,
        4.47711992372
      ],
      "exit_codes": [
        0,
        0,
        0,
        0,
        0,
        0,
        0,
        0,
        0,
        0
      ]
    }
  ]
}
