{
  "results": [
    {
      "command": "zsh -ic exit",
      "mean": 55.224106954175,
      "stddev": 5.254111372072708,
      "median": 55.164152336975,
      "user": 16.83667223,
      "system": 7.409003289999999,
      "min": 46.944916336975,
      "max": 64.20845655697501,
      "times": [
        57.569629177974996,
        53.277755219975,
        56.895880454975,
        53.432424218975,
        59.274519891975,
        48.641775461975,
        46.944916336975,
        59.386264301975,
        64.20845655697501,
        52.609447919975
      ]
    }
  ]
}
