{
  "results": [
    {
      "command": "zsh -ic exit",
      "mean": 9.276724006985003,
      "stddev": 1.0216829165721086,
      "median": 9.077531902085,
      "user": 2.6966368099999998,
      "system": 1.5109617399999995,
      "min": 7.968123828585,
      "max": 11.109330336585,
      "times": [
        11.109330336585,
        10.304559244585,
        9.446230219584999,
        8.708833584585,
        8.560771806585,
        9.596797052585,
        7.968123828585,
        8.521343893585,
        8.345482468585,
        10.205767634585
      ]
    }
  ]
}
