{
  "results": [
    {
      "command": "zsh -ic exit",
      "mean": 4.7724764654200005,
      "stddev": 1.49855840233766,
      "median": 4.30587722632,
      "user": 3.6569131549999994,
      "system": 1.8251044449999998,
      "min": 3.61103406082,
      "max": 8.54267617382,
      "times": [
        6.02112188082,
        4.91981862182,
        8.54267617382,
        4.42226450582,
        3.9199344468199997,
        3.61103406082,
        4.21692286882,
        3.73810059882,
        3.93805991282,
        4.39483158382
      ]
    }
  ]
}
