{
  "results": [
    {
      "command": "zsh -ic exit",
      "mean": 5.41607677317,
      "stddev": 0.5825710654436633,
      "median": 5.14323918557,
      "user": 2.82593788,
      "system": 1.3815364,
      "min": 5.01141224607,
      "max": 6.848559052070001,
      "times": [
        5.10888511607,
        5.08425809707,
        5.17524477307,
        5.13213424007,
        5.0490345450700005,
        5.01141224607,
        5.15434413107,
        6.848559052070001,
        5.80064669607,
        5.79624883507
      ]
    }
  ]
}
