{
  "results": [
    {
      "command": "zsh -ic exit",
      "mean": 34.17587110365999,
      "stddev": 0.5389780302447774,
      "median": 34.191353787059995,
      "user": 8.276243079999997,
      "system": 2.95454524,
      "min": 33.302487640559995,
      "max": 34.855487975559996,
      "times": [
        34.74040693256,
        33.302487640559995,
        34.188018849559995,
        33.52192801656,
        34.855487975559996,
        34.194688724559995,
        33.655356474559994,
        34.69429126556,
        34.49133643256,
        34.114708724559996
      ],
      "exit_codes": [
        0,
        0,
        0,
        0,
        0,
        0,
        0,
        0,
        0,
        0
      ]
    }
  ]
}
