{
  "results": [
    {
      "command": "zsh -ic exit",
      "mean": 7.151957411480001,
      "stddev": 1.786002649251236,
      "median": 6.23380753538,
      "user": 9.187894474999998,
      "system": 4.548560429999999,
      "min": 5.7725662803799995,
      "max": 10.82192734138,
      "times": [
        7.189924447379999,
        6.29334215038,
        10.82192734138,
        5.89170348338,
        5.9478582183799995,
        9.784461393379999,
        6.17427292038,
        7.67501366638,
        5.968504213379999,
        5.7725662803799995
      ]
    }
  ]
}
