{
  "results": [
    {
      "command": "zsh -ic exit",
      "mean": 25.631075148439997,
      "stddev": 0.6255846507301719,
      "median": 25.43857483654,
      "user": 1.5120500199999998,
      "system": 0.78695248,
      "min": 24.95778358554,
      "max": 26.68256691954,
      "times": [
        26.38920429354,
        25.03756179354,
        25.124881877540002,
        24.95778358554,
        25.31902754454,
        26.03820450254,
        26.68256691954,
        25.55812212854,
        26.10658721154,
        25.09681162754
      ],
      "exit_codes": [
        0,
        0,
        0,
        0,
        0,
        0,
        0,
        0,
        0,
        0
      ]
    }
  ]
}
