{
  "results": [
    {
      "command": "zsh -ic exit",
      "mean": 1.11918123226,
      "stddev": 0.07465520363633327,
      "median": 1.11124129696,
      "user": 3.00616324,
      "system": 1.27679704,
      "min": 1.03783507496,
      "max": 1.27796831796,
      "times": [
        1.06660370096,
        1.04215167396,
        1.27796831796,
        1.09105564296,
        1.03783507496,
        1.1685637419600001,
        1.1314269509600001,
        1.16616978996,
        1.14770004696,
        1.06233738196
      ],
      "exit_codes": [
        0,
        0,
        0,
        0,
        0,
        0,
        0,
        0,
        0,
        0
      ]
    }
  ]
}
