{
  "results": [
    {
      "command": "zsh -ic exit",
      "mean": 6.93321420595,
      "stddev": 2.2135792690603093,
      "median": 6.05717753295,
      "user": 2.1258575549999996,
      "system": 0.8524540850000001,
      "min": 4.74095193895,
      "max": 10.79422253895,
      "times": [
        10.79422253895,
        5.53896710495,
        6.348453756950001,
        9.25241027495,
        9.95651720595,
        5.76590130895,
        4.8086292119500005,
        4.74095193895,
        5.75464015195,
        6.371448565950001
      ]
    }
  ]
}
