{
  "results": [
    {
      "command": "zsh -ic exit",
      "mean": 26.283202835035002,
      "stddev": 2.76435890992947,
      "median": 25.497079728635,
      "user": 2.8851558699999997,
      "system": 1.4677415950000001,
      "min": 23.059056378134997,
      "max": 32.348856227135,
      "times": [
        28.534506947135,
        23.059056378134997,
        24.242645776135,
        27.051419306135,
        24.386998523135,
        24.254020697134997,
        32.348856227135,
        27.960365038135,
        25.538475753135,
        25.455683704134998
      ]
    }
  ]
}
