{
  "results": [
    {
      "command": "zsh -ic exit",
      "mean": 4.174746025719999,
      "stddev": 0.1930530268100393,
      "median": 4.08067543792,
      "user": 1.22970094,
      "system": 0.5762784400000001,
      "min": 4.02312618792,
      "max": 4.53570018792,
      "times": [
        4.53570018792,
        4.52607827192,
        4.07895585492,
        4.02312618792,
        4.07434414592,
        4.08201018792,
        4.03696231392,
        4.12362302192,
        4.18731939692,
        4.07934068792
      ],
      "exit_codes": [
        0,
        0,
        0,
        0,
        0,
        0,
        0,
        0,
        0,
        0
      ]
    }
  ]
}
