{
  "results": [
    {
      "command": "zsh -ic exit",
      "mean": 42.01081601997,
      "stddev": 5.404794088026917,
      "median": 40.24668342847001,
      "user": 17.68230356,
      "system": 7.348037210000001,
      "min": 36.26818271347,
      "max": 54.06309315647,
      "times": [
        54.06309315647,
        42.87667279947,
        45.900542465470004,
        45.963563133470004,
        39.83032318047,
        36.86901301047,
        36.26818271347,
        38.90739164147,
        38.76633442247,
        40.663043676470004
      ]
    }
  ]
}
