{
  "results": [
    {
      "command": "zsh -ic exit",
      "mean": 10.13200407215,
      "stddev": 1.0650430976407073,
      "median": 10.35175429375,
      "user": 2.7423085599999997,
      "system": 1.50957632,
      "min": 8.59474019075,
      "max": 11.29181246475,
      "times": [
        11.16748311775,
        11.225871113750001,
        11.29181246475,
        10.63698506475,
        10.06652352275,
        8.59474019075,
        10.995640004750001,
        9.37382825875,
        8.89991317475,
        9.06724380875
      ]
    }
  ]
}
