{
  "results": [
    {
      "command": "zsh -ic exit",
      "mean": 3.6745076397400007,
      "stddev": 0.4166577771234112,
      "median": 3.7093952340399996,
      "user": 3.341387075,
      "system": 1.5034801250000003,
      "min": 3.22566427104,
      "max": 4.62615157004,
      "times": [
        3.88262492404,
        3.29611433304,
        3.8483384300399996,
        3.68223670604,
        3.76768468604,
        3.37192890704,
        3.73655376204,
        4.62615157004,
        3.3077788080399997,
        3.22566427104
      ]
    }
  ]
}
