{
  "results": [
    {
      "command": "zsh -ic exit",
      "mean": 3.019008345375,
      "stddev": 0.11969396118613752,
      "median": 3.001598188075,
      "user": 3.5194963449999994,
      "system": 1.6453677199999999,
      "min": 2.8284650030750003,
      "max": 3.211522678075,
      "times": [
        3.116440216075,
        2.8284650030750003,
        2.970546301075,
        2.9942561370750003,
        3.018638805075,
        3.1691871640750002,
        3.211522678075,
        3.005197237075,
        2.997999139075,
        2.877830773075
      ]
    }
  ]
}
