{
  "results": [
    {
      "command": "zsh -ic exit",
      "mean": 10.725108167215001,
      "stddev": 2.989826910829725,
      "median": 9.496603109415002,
      "user": 9.14850284,
      "system": 4.370813230000001,
      "min": 6.927693295415,
      "max": 15.714142523415001,
      "times": [
        9.450500469415001,
        9.542705749415001,
        8.752200893415,
        8.407722538415001,
        15.714142523415001,
        11.768196220415001,
        14.952057661415001,
        8.647628248415002,
        13.088234072415,
        6.927693295415
      ]
    }
  ]
}
