{
  "results": [
    {
      "command": "zsh -ic exit",
      "mean": 0.03750999498250002,
      "stddev": 0.0033694592948284047,
      "median": 0.036159011044999995,
      "user": 0.02699443249999999,
      "system": 0.010801377499999995,
      "min": 0.032074014045,
      "max": 0.046978853045,
      "times": [
        0.035918789044999996,
        0.043113806045,
        0.033879650045,
        0.035997566045,
        0.037462112045,
        0.035634434044999996,
        0.039341346044999996,
        0.037382813045,
        0.036772003045,
        0.041338599045,
        0.036376819045,
        0.039997728045,
        0.036901141045,
        0.037606655045,
        0.034194139045,
        0.035537106044999996,
        0.035212262045,
        0.045145653045,
        0.040447160045,
        0.035117905045,
        0.035442182045,
        0.035273946045,
        0.039932437045,
        0.036030101045,
        0.035883336045,
        0.038716310045,
        0.042487009045,
        0.044534726045,
        0.037699240045,
        0.041310148045,
        0.044924417045,
        0.035460253045,
        0.034846440044999996,
        0.033578014045,
        0.034074405045,
        0.035136283045,
        0.036997584045,
        0.040298724045,
        0.035538691045,
        0.037813128045,
        0.038593470045,
        0.040710048045,
        0.046978853045,
        0.039904592045,
        0.033944921045,
        0.036011387044999996,
        0.046610261045,
        0.046411041045,
        0.035946854045,
        0.036025991045,
        0.034799909045,
        0.034835767045,
        0.037395753045,
        0.033371757045,
        0.035986997044999997,
        0.035901576045,
        0.045854630045,
        0.036497282044999996,
        0.035915094045,
        0.034282124045,
        0.032074014045,
        0.037661649045,
        0.035716409045,
        0.035898752044999996,
        0.034572508045,
        0.036195932045,
        0.035591685045,
        0.036122090045,
        0.036829754044999996,
        0.036916998044999996,
        0.037837495045,
        0.034700395045,
        0.037238086045,
        0.036482362045,
        0.035199497045,
        0.038808308044999996,
        0.041173992044999996,
        0.035634698044999996,
        0.034774448044999996,
        0.036037156045
      ]
    }
  ]
}
