{
  "results": [
    {
      "command": "zsh -ic exit",
      "mean": 4.028141445939999,
      "stddev": 0.24478810069507545,
      "median": 4.04558264954,
      "user": 1.21224908,
      "system": 0.6025075000000001,
      "min": 3.70780344154,
      "max": 4.39394648454,
      "times": [
        3.84616377554,
        4.39394648454,
        3.9348800235400003,
        3.7130151915400003,
        3.70780344154,
        4.23887219254,
        4.156285275539999,
        3.85695939954,
        4.23206360854,
        4.20142506654
      ],
      "exit_codes": [
        0,
        0,
        0,
        0,
        0,
        0,
        0,
        0,
        0,
        0
      ]
    }
  ]
}
