{
  "results": [
    {
      "command": "zsh -ic exit",
      "mean": 10.241383738360001,
      "stddev": 1.9976597962599631,
      "median": 9.510847872960001,
      "user": 2.9265404199999994,
      "system": 1.7568256599999998,
      "min": 8.80764579346,
      "max": 15.36816044446,
      "times": [
        9.08027315446,
        11.62376607646,
        10.67600187646,
        9.501044590460001,
        9.68261209846,
        8.94229734946,
        8.80764579346,
        15.36816044446,
        9.520651155460001,
        9.211384844460001
      ],
      "exit_codes": [
        0,
        0,
        0,
        0,
        0,
        0,
        0,
        0,
        0,
        0
      ]
    }
  ]
}
