{
  "results": [
    {
      "command": "zsh -ic exit",
      "mean": 39.027657536774996,
      "stddev": 3.6237356957612685,
      "median": 38.682659082274995,
      "user": 2.89823167,
      "system": 1.5936752000000003,
      "min": 32.837796132775,
      "max": 45.600983862774996,
      "times": [
        38.953302312774994,
        36.151728020774996,
        37.972682119774994,
        42.467406264775,
        42.071914419775,
        45.600983862774996,
        38.412015851774996,
        39.182799279775,
        32.837796132775,
        36.625947102774994
      ]
    }
  ]
}
