{
  "results": [
    {
      "command": "zsh -ic exit",
      "mean": 2.87078638454,
      "stddev": 0.22021856393151634,
      "median": 2.7522903675400006,
      "user": 1.20780774,
      "system": 0.52709118,
      "min": 2.73888059754,
      "max": 3.40544384754,
      "times": [
        2.73888059754,
        3.04692980554,
        2.74469859654,
        3.40544384754,
        2.75131305454,
        2.7491295135400002,
        3.00287155554,
        2.77106388854,
        2.7532676805400005,
        2.7442653055400004
      ],
      "exit_codes": [
        0,
        0,
        0,
        0,
        0,
        0,
        0,
        0,
        0,
        0
      ]
    }
  ]
}
