{
  "results": [
    {
      "command": "zsh -ic exit",
      "mean": 3.47114825357,
      "stddev": 0.4028138650514582,
      "median": 3.34192793117,
      "user": 2.2563438749999998,
      "system": 0.8170585450000001,
      "min": 3.08124879167,
      "max": 4.43055472567,
      "times": [
        3.61315229867,
        3.20392136967,
        3.29790703367,
        3.08124879167,
        3.38594882867,
        3.50046006267,
        3.2217569266700004,
        3.17572774467,
        3.80080475367,
        4.43055472567
      ]
    }
  ]
}
