{
  "results": [
    {
      "command": "zsh -ic exit",
      "mean": 6.1324451222550005,
      "stddev": 1.9059772409775038,
      "median": 5.189821112255,
      "user": 2.2301404799999998,
      "system": 0.865881885,
      "min": 4.155856281255001,
      "max": 8.776355151255,
      "times": [
        4.155856281255001,
        4.537918848255,
        8.691960745254999,
        8.776355151255,
        4.820794114255,
        8.314778310254999,
        4.371585731255,
        5.054688436255001,
        7.275559816255,
        5.324953788255001
      ]
    }
  ]
}
