{
  "results": [
    {
      "command": "zsh -ic exit",
      "mean": 39.31971736752,
      "stddev": 2.2084089847340955,
      "median": 39.34905999122,
      "user": 20.035114034999996,
      "system": 7.418698115000001,
      "min": 36.32768538722,
      "max": 42.25620335722,
      "times": [
        37.21821663722,
        38.72104645722,
        36.92311226222,
        39.97707352522,
        42.25620335722,
        41.42298915022,
        41.42101009022,
        41.26582533522,
        36.32768538722,
        37.66401147322
      ]
    }
  ]
}
