{
  "results": [
    {
      "command": "zsh -ic exit",
      "mean": 4.60681402369,
      "stddev": 1.1941018309948157,
      "median": 4.5814878527900005,
      "user": 3.156503624999999,
      "system": 1.5777248949999998,
      "min": 3.31040219029,
      "max": 7.37942484829,
      "times": [
        4.33647645329,
        3.31040219029,
        3.8797560822899997,
        4.90065065229,
        4.88244459929,
        3.8606919552899996,
        3.3560144402899996,
        7.37942484829,
        5.335779763290001,
        4.8264992522900005
      ]
    }
  ]
}
