{
  "results": [
    {
      "command": "zsh -ic exit",
      "mean": 4.598834655539999,
      "stddev": 0.4344212762024468,
      "median": 4.72975882164,
      "user": 3.125670575,
      "system": 3.2437800699999997,
      "min": 3.96968117664,
      "max": 5.09795944364,
      "times": [
        4.041202892639999,
        4.9063757166399995,
        4.56804069564,
        3.96968117664,
        5.09795944364,
        4.96506216564,
        4.96721776164,
        4.01328905964,
        4.72345897264,
        4.73605867064
      ]
    }
  ]
}
