{
  "results": [
    {
      "command": "zsh -ic exit",
      "mean": 7.8715720436400005,
      "stddev": 0.43632279026875204,
      "median": 7.84290076024,
      "user": 2.53059054,
      "system": 1.04947734,
      "min": 7.20415513474,
      "max": 8.700900093740001,
      "times": [
        8.12437467674,
        8.233789551740001,
        8.700900093740001,
        7.20415513474,
        7.90743346874,
        7.4927670937399995,
        7.77836805174,
        7.51142651074,
        8.10675092774,
        7.655754926739999
      ],
      "exit_codes": [
        0,
        0,
        0,
        0,
        0,
        0,
        0,
        0,
        0,
        0
      ]
    }
  ]
}
