{
  "results": [
    {
      "command": "zsh -ic exit",
      "mean": 33.58864771695999,
      "stddev": 2.089730192342936,
      "median": 34.10740272875999,
      "user": 23.86930362,
      "system": 10.605742339999999,
      "min": 29.963797857760003,
      "max": 35.93305557676,
      "times": [
        33.30057927976,
        32.44241697776,
        35.81199608276,
        35.93305557676,
        35.188331053759995,
        29.963797857760003,
        34.62114019976,
        30.41035468376,
        33.93123256376,
        34.283572893759995
      ],
      "exit_codes": [
        0,
        0,
        0,
        0,
        0,
        0,
        0,
        0,
        0,
        0
      ]
    }
  ]
}
