{
  "results": [
    {
      "command": "zsh -ic exit",
      "mean": 2.3557716760599994,
      "stddev": 0.26100058091599637,
      "median": 2.24284896256,
      "user": 3.73450516,
      "system": 1.9771330399999996,
      "min": 2.09262656556,
      "max": 2.7052553545599998,
      "times": [
        2.16052608956,
        2.12094531056,
        2.13887885756,
        2.09262656556,
        2.32517183556,
        2.6206700875599998,
        2.7052553545599998,
        2.63477880756,
        2.6356824575599997,
        2.12318139456
      ],
      "exit_codes": [
        0,
        0,
        0,
        0,
        0,
        0,
        0,
        0,
        0,
        0
      ]
    }
  ]
}
