{
  "results": [
    {
      "command": "zsh -ic exit",
      "mean": 12.46008652246,
      "stddev": 2.4649988519404977,
      "median": 12.06939604646,
      "user": 9.300945459999998,
      "system": 4.4407396,
      "min": 8.30408963696,
      "max": 16.306880837959998,
      "times": [
        8.30408963696,
        11.85298530396,
        11.55334386196,
        13.73574517796,
        11.442601831960001,
        16.306880837959998,
        15.10906304296,
        12.28580678896,
        9.62807918596,
        14.38226955596
      ]
    }
  ]
}
