{
  "results": [
    {
      "command": "zsh -ic exit",
      "mean": 0.012139173358095239,
      "stddev": 0.001928912808538623,
      "median": 0.01185701132,
      "user": 0.009430995238095232,
      "system": 0.0026740881904761906,
      "min": 0.011126303320000001,
      "max": 0.03185805332,
      "times": [
        0.01369713632,
        0.01249851132,
        0.014093595320000001,
        0.01701580332,
        0.013385386320000001,
        0.01253067832,
        0.03185805332,
        0.01488830332,
        0.012521969320000001,
        0.012870219320000001,
        0.01156296932,
        0.01176522032,
        0.01233080332,
        0.013712220320000001,
        0.02955234432,
        0.01222005332,
        0.01201672032,
        0.01282626232,
        0.01302530332,
        0.012141386320000001,
        0.01161359532,
        0.01182455332,
        0.011816470320000001,
        0.011776470320000001,
        0.011584303320000001,
        0.01182342832,
        0.01140551232,
        0.01148009532,
        0.01204801132,
        0.01186676132,
        0.01206197032,
        0.01183334432,
        0.012353136320000001,
        0.01202242832,
        0.01224534532,
        0.01216467832,
        0.01246605332,
        0.011897094320000001,
        0.01160709532,
        0.012318178320000001,
        0.01249205332,
        0.012033553320000001,
        0.01138663732,
        0.01237255332,
        0.01193084432,
        0.01189717832,
        0.01200542832,
        0.01138680332,
        0.011739845320000001,
        0.01202788632,
        0.01184788632,
        0.01179792832,
        0.01188697032,
        0.01170692832,
        0.01171917832,
        0.01163263732,
        0.011632470320000001,
        0.01163855332,
        0.01156892832,
        0.01157038732,
        0.01157751132,
        0.01153922032,
        0.01198463732,
        0.011343969320000001,
        0.01161059532,
        0.01149213632,
        0.01213059532,
        0.01205713632,
        0.01160217832,
        0.01178167832,
        0.01214071932,
        0.01223680332,
        0.01250505332,
        0.01175830332,
        0.01154884532,
        0.01168859432,
        0.01231363632,
        0.012042178320000001,
        0.012264053320000001,
        0.01170213632,
        0.011508053320000001,
        0.01144438732,
        0.01184130332,
        0.01151280332,
        0.01159880332,
        0.011126303320000001,
        0.01153038732,
        0.01196555332,
        0.01263513632,
        0.01200517832,
        0.01119805332,
        0.01201822032,
        0.01174930332,
        0.01139397032,
        0.01160276132,
        0.01194205332,
        0.011676844320000001,
        0.012732220320000001,
        0.01307088732,
        0.01249917832,
        0.01279192832,
        0.012029595320000001,
        0.01209459532,
        0.01199338732,
        0.012161928320000001,
        0.01217551132,
        0.01198613732,
        0.01195501132,
        0.011923720320000001,
        0.01175342832,
        0.011976428320000001,
        0.01178313732,
        0.012630428320000001,
        0.01203013732,
        0.01190767832,
        0.01220826132,
        0.01142542832,
        0.01139030332,
        0.01231484432,
        0.01214580332,
        0.012120511320000001,
        0.01153722032,
        0.011539636320000001,
        0.01222130332,
        0.01210463632,
        0.012011511320000001,
        0.01132505332,
        0.01116292832,
        0.01200680332,
        0.01185505332,
        0.011691678320000001,
        0.01159601232,
        0.01150705332,
        0.01137842832,
        0.01131580332,
        0.011858969320000001,
        0.01228713732,
        0.01163571932,
        0.01160255332,
        0.011839178320000001,
        0.012909220320000001,
        0.012290428320000001,
        0.01180242832,
        0.01160367832,
        0.01181038632,
        0.01175351132,
        0.01188834432,
        0.012805303320000001,
        0.01151380332,
        0.01247238632,
        0.011997636320000001,
        0.01195547032,
        0.01125963632,
        0.011666011320000001,
        0.011834178320000001,
        0.01233776232,
        0.01167117832,
        0.01152634532,
        0.012160386320000001,
        0.011344595320000001,
        0.01149538632,
        0.011745886320000001,
        0.01154884532,
        0.011678136320000001,
        0.01138342832,
        0.01197776132,
        0.011476345320000001,
        0.012032386320000001,
        0.01201342832,
        0.01164247032,
        0.01183117832,
        0.01168801232,
        0.011426553320000001,
        0.01167767832,
        0.01222997032,
        0.01198442832,
        0.01200005332,
        0.011782053320000001,
        0.01232517832,
        0.01248801232,
        0.01220372032,
        0.01178867832,
        0.011569344320000001,
        0.01153363632,
        0.01159809532,
        0.01144176132,
        0.01151442832,
        0.01132617832,
        0.01134922032,
        0.01160455332,
        0.011850011320000001,
        0.01161851132,
        0.01135163632,
        0.01205963632,
        0.01198646932,
        0.01197017832,
        0.01123413732,
        0.01118280332,
        0.01157822032,
        0.01140130332,
        0.01180097032,
        0.01261592832,
        0.01196726132,
        0.01186742832,
        0.01183772032,
        0.01205571932,
        0.01276184432,
        0.011892928320000001,
        0.01253172032,
        0.01206009532
      ],
      "exit_codes": [
        0,
        0,
        0,
        0,
        0,
        0,
        0,
        0,
        0,
        0,
        0,
        0,
        0,
        0,
        0,
        0,
        0,
        0,
        0,
        0,
        0,
        0,
        0,
        0,
        0,
        0,
        0,
        0,
        0,
        0,
        0,
        0,
        0,
        0,
        0,
        0,
        0,
        0,
        0,
        0,
        0,
        0,
        0,
        0,
        0,
        0,
        0,
        0,
        0,
        0,
        0,
        0,
        0,
        0,
        0,
        0,
        0,
        0,
        0,
        0,
        0,
        0,
        0,
        0,
        0,
        0,
        0,
        0,
        0,
        0,
        0,
        0,
        0,
        0,
        0,
        0,
        0,
        0,
        0,
        0,
        0,
        0,
        0,
        0,
        0,
        0,
        0,
        0,
        0,
        0,
        0,
        0,
        0,
        0,
        0,
        0,
        0,
        0,
        0,
        0,
        0,
        0,
        0,
        0,
        0,
        0,
        0,
        0,
        0,
        0,
        0,
        0,
        0,
        0,
        0,
        0,
        0,
        0,
        0,
        0,
        0,
        0,
        0,
        0,
        0,
        0,
        0,
        0,
        0,
        0,
        0,
        0,
        0,
        0,
        0,
        0,
        0,
        0,
        0,
        0,
        0,
        0,
        0,
        0,
        0,
        0,
        0,
        0,
        0,
        0,
        0,
        0,
        0,
        0,
        0,
        0,
        0,
        0,
        0,
        0,
        0,
        0,
        0,
        0,
        0,
        0,
        0,
        0,
        0,
        0,
        0,
        0,
        0,
        0,
        0,
        0,
        0,
        0,
        0,
        0,
        0,
        0,
        0,
        0,
        0,
        0,
        0,
        0,
        0,
        0,
        0,
        0,
        0,
        0,
        0,
        0,
        0,
        0,
        0,
        0,
        0,
        0,
        0,
        0,
        0,
        0,
        0,
        0,
        0,
        0
      ]
    }
  ]
}
