{
  "results": [
    {
      "command": "zsh -ic exit",
      "mean": 12.083134375935,
      "stddev": 3.3547988340913406,
      "median": 12.456128009135,
      "user": 9.16244986,
      "system": 4.45282098,
      "min": 6.761954789635,
      "max": 18.127928720635,
      "times": [
        8.754716179634999,
        6.761954789635,
        14.456990555634999,
        18.127928720635,
        12.212247989635,
        11.555394941634999,
        14.154246070634999,
        8.539939506635,
        12.700008028634999,
        13.567916976634999
      ]
    }
  ]
}
