{
  "results": [
    {
      "command": "zsh -ic exit",
      "mean": 7.140723459899999,
      "stddev": 0.3261224229275374,
      "median": 7.2439487014,
      "user": 1.6380334599999997,
      "system": 0.6249460600000001,
      "min": 6.6083386183999995,
      "max": 7.5270159934,
      "times": [
        6.7215189934,
        7.1821149094,
        7.5270159934,
        7.2787674103999995,
        7.2323692014,
        6.7604079083999995,
        7.3696977444,
        6.6083386183999995,
        7.2555282014,
        7.4714756183999995
      ],
      "exit_codes": [
        0,
        0,
        0,
        0,
        0,
        0,
        0,
        0,
        0,
        0
      ]
    }
  ]
}
