{
  "results": [
    {
      "command": "zsh -ic exit",
      "mean": 40.79423313060501,
      "stddev": 3.686351264135025,
      "median": 41.946624063705,
      "user": 2.928196435,
      "system": 1.6399297799999997,
      "min": 34.267073239705,
      "max": 45.360787832705,
      "times": [
        43.108081154705,
        34.267073239705,
        44.653374563705,
        35.686719079705,
        38.195865581705,
        42.018939484705,
        45.360787832705,
        41.874308642704996,
        40.296033605705,
        42.481148120705
      ]
    }
  ]
}
