{
  "results": [
    {
      "command": "zsh -ic exit",
      "mean": 1.89461619732,
      "stddev": 0.20317392980934412,
      "median": 1.83247104852,
      "user": 3.2165783399999994,
      "system": 1.4952787399999996,
      "min": 1.7760535705199998,
      "max": 2.44728564352,
      "times": [
        1.79661537952,
        1.7760535705199998,
        1.8580225185199999,
        1.78356233352,
        2.44728564352,
        1.85931680852,
        1.97823247152,
        1.78213115052,
        1.8403870865199998,
        1.82455501052
      ],
      "exit_codes": [
        0,
        0,
        0,
        0,
        0,
        0,
        0,
        0,
        0,
        0
      ]
    }
  ]
}
