{
  "results": [
    {
      "command": "zsh -ic exit",
      "mean": 54.86019809373001,
      "stddev": 5.7272170013871255,
      "median": 55.95547400233,
      "user": 18.89588784,
      "system": 7.546928034999999,
      "min": 45.20123926283,
      "max": 61.514570750829996,
      "times": [
        52.70183504083,
        61.12308113983,
        61.514570750829996,
        54.66975295183,
        50.17837547083,
        60.51080214283,
        57.48060940083,
        45.20123926283,
        47.98051972383,
        57.24119505283
      ]
    }
  ]
}
