{
  "results": [
    {
      "command": "zsh -ic exit",
      "mean": 1.75461655414,
      "stddev": 0.7503078780045582,
      "median": 1.45811231344,
      "user": 2.7062452400000003,
      "system": 1.0064000599999998,
      "min": 1.3679081474399999,
      "max": 3.78398405144,
      "times": [
        2.1524354204400002,
        1.3709317294399999,
        1.49806837244,
        1.40271871244,
        1.5235162544399998,
        3.78398405144,
        1.41815625444,
        1.61782760444,
        1.4106189944399998,
        1.3679081474399999
      ],
      "exit_codes": [
        0,
        0,
        0,
        0,
        0,
        0,
        0,
        0,
        0,
        0
      ]
    }
  ]
}
