{
  "results": [
    {
      "command": "zsh -ic exit",
      "mean": 0.03773326792558824,
      "stddev": 0.003592214949253959,
      "median": 0.036872086955,
      "user": 0.02517712058823529,
      "system": 0.01287153970588235,
      "min": 0.032254359455,
      "max": 0.049500626455,
      "times": [
        0.042237633455,
        0.043367104455,
        0.045133189455,
        0.043808132455,
        0.033766898455,
        0.043324991454999996,
        0.036627475455,
        0.037264060455,
        0.036359870455,
        0.034519804455,
        0.035058424455,
        0.033512446455,
        0.040652290455,
        0.035104566455,
        0.033563273455,
        0.040764390455,
        0.037152238455,
        0.032939941454999996,
        0.035559391455,
        0.034406200455,
        0.038343703455,
        0.036828343455,
        0.042165700454999996,
        0.038366171455,
        0.037713655455,
        0.035146457455,
        0.035635925455,
        0.038298244455,
        0.039152684454999996,
        0.035361971455,
        0.045818554455,
        0.037195817455,
        0.038560621455,
        0.041805289455,
        0.035273057455,
        0.037205564455,
        0.035433633455,
        0.036810795454999996,
        0.034823686455,
        0.040508274455,
        0.036742935455,
        0.035577075454999996,
        0.033859925455,
        0.034403870455,
        0.040613878455,
        0.036052398455,
        0.040592184455,
        0.049500626455,
        0.042065104455,
        0.036354103455,
        0.037055559455,
        0.037847591454999996,
        0.036602517455,
        0.034818627455,
        0.039711917455,
        0.037796929454999996,
        0.032843554455,
        0.042260830455,
        0.044633308455,
        0.036163117455,
        0.036915830455,
        0.034413933455,
        0.040128792455,
        0.034050281455,
        0.032254359455,
        0.037195064454999996,
        0.036699696455,
        0.033137728455
      ]
    }
  ]
}
