{
  "results": [
    {
      "command": "zsh -ic exit",
      "mean": 4.363746891765,
      "stddev": 0.4946657689542052,
      "median": 4.2019189552650005,
      "user": 3.12121642,
      "system": 1.5452099649999997,
      "min": 3.8667684782650005,
      "max": 4.970354454265,
      "times": [
        4.4230979092650005,
        4.970354454265,
        3.9480865362650004,
        3.9807400012650005,
        4.908565145265,
        3.9094853722650003,
        3.8780383422650004,
        4.870839850265,
        3.8667684782650005,
        4.881492828265
      ]
    }
  ]
}
