{
  "results": [
    {
      "command": "zsh -ic exit",
      "mean": 0.047186904210000005,
      "stddev": 0.01175178518684953,
      "median": 0.04708469496,
      "user": 0.03215004590909091,
      "system": 0.01565094909090909,
      "min": 0.03150728596,
      "max": 0.11317688996000001,
      "times": [
        0.03190903896,
        0.04589361496,
        0.03290605596,
        0.034183879959999997,
        0.04555203996,
        0.03591446196,
        0.04031382796,
        0.04402199296,
        0.03254013596,
        0.03210387596,
        0.04427633496,
        0.041479715959999996,
        0.04019834396,
        0.04457852396,
        0.03630123096,
        0.03150728596,
        0.045046044959999997,
        0.03557412796,
        0.033448341959999996,
        0.04544540196,
        0.03211171196,
        0.03221945496,
        0.03404446596,
        0.04499200296,
        0.04722771596,
        0.03335323396,
        0.03615685396,
        0.04940035796,
        0.03191816096,
        0.03328033096,
        0.04870648596,
        0.04123916396,
        0.03773453696,
        0.04439779596,
        0.03783270296,
        0.04749484996,
        0.03345754796,
        0.04441099996,
        0.05102582396,
        0.04852578796,
        0.04991342496,
        0.03827323896,
        0.05900596696,
        0.04974081596,
        0.05736823096,
        0.05461555396,
        0.05266930596,
        0.03905660196,
        0.04744028096,
        0.041016403959999996,
        0.04405548696,
        0.05002889196,
        0.04694167396,
        0.05034787196,
        0.04913814296,
        0.04913217296,
        0.05035549696,
        0.04283925896,
        0.05358156496,
        0.05788891796,
        0.07402346796,
        0.04576088196,
        0.04968730096,
        0.05677037296,
        0.056777344960000004,
        0.05661630296,
        0.04974222696,
        0.05603957596,
        0.05909392596,
        0.05763835896,
        0.05058962796,
        0.05044095496,
        0.05791721196,
        0.050604770959999996,
        0.05999097196,
        0.04197387996,
        0.05143679296,
        0.04797823896,
        0.041798346959999996,
        0.07047907996000001,
        0.04977787196,
        0.04533922396,
        0.04994945496,
        0.06249513196,
        0.05911589896,
        0.06590870896,
        0.11317688996000001,
        0.05519118696
      ],
      "exit_codes": [
        0,
        0,
        0,
        0,
        0,
        0,
        0,
        0,
        0,
        0,
        0,
        0,
        0,
        0,
        0,
        0,
        0,
        0,
        0,
        0,
        0,
        0,
        0,
        0,
        0,
        0,
        0,
        0,
        0,
        0,
        0,
        0,
        0,
        0,
        0,
        0,
        0,
        0,
        0,
        0,
        0,
        0,
        0,
        0,
        0,
        0,
        0,
        0,
        0,
        0,
        0,
        0,
        0,
        0,
        0,
        0,
        0,
        0,
        0,
        0,
        0,
        0,
        0,
        0,
        0,
        0,
        0,
        0,
        0,
        0,
        0,
        0,
        0,
        0,
        0,
        0,
        0,
        0,
        0,
        0,
        0,
        0,
        0,
        0,
        0,
        0,
        0,
        0
      ]
    }
  ]
}
