{
  "results": [
    {
      "command": "zsh -ic exit",
      "mean": 0.040613908298333334,
      "stddev": 0.0042862539554208694,
      "median": 0.040363250285,
      "user": 0.02819754000000002,
      "system": 0.01275282333333333,
      "min": 0.03419743728500001,
      "max": 0.052783834285,
      "times": [
        0.038258430285000006,
        0.037631215285000005,
        0.039159603285,
        0.045461911285,
        0.04470256828500001,
        0.044618257285000004,
        0.036882637285000006,
        0.036153902285,
        0.036033013285,
        0.044111747285,
        0.035702960285,
        0.03522140528500001,
        0.03865982028500001,
        0.042260587285,
        0.044247220285,
        0.044946332285,
        0.045013256285,
        0.04623468128500001,
        0.035006485285,
        0.043520571285000004,
        0.043180579285000006,
        0.045342486285,
        0.04472313028500001,
        0.03629214428500001,
        0.048897167285,
        0.037245382285,
        0.04365410728500001,
        0.043995134285,
        0.04338190728500001,
        0.042922476285,
        0.043172845285,
        0.044642566285000004,
        0.045435130285,
        0.037303521285,
        0.035613179285000005,
        0.044385660285,
        0.046311258285000004,
        0.036427961285000005,
        0.045200337285,
        0.035190216285000006,
        0.035664941285,
        0.042571346285000006,
        0.03810803628500001,
        0.03630456528500001,
        0.03936671428500001,
        0.037833853284999996,
        0.034558943285000004,
        0.043734226285,
        0.043828730285000006,
        0.04438786628500001,
        0.044174373285,
        0.03967827428500001,
        0.038677768285,
        0.036147884285,
        0.04501155028500001,
        0.042093237285,
        0.036741240285000004,
        0.038538108285,
        0.036092409285,
        0.040363250285,
        0.03450897528500001,
        0.043439311285000004,
        0.04678620228500001,
        0.052783834285,
        0.03993829528500001,
        0.035217043285,
        0.036193269284999996,
        0.044061356285000006,
        0.043088601285,
        0.035701824285,
        0.035810460285,
        0.037887489285000006,
        0.03419743728500001,
        0.040786261285,
        0.034621646285
      ]
    }
  ]
}
