{
  "results": [
    {
      "command": "zsh -ic exit",
      "mean": 8.851363048920001,
      "stddev": 0.6843551598121134,
      "median": 8.66855975332,
      "user": 3.93854892,
      "system": 2.0550186800000003,
      "min": 8.14280750182,
      "max": 10.25235887782,
      "times": [
        8.537360794820001,
        8.63778400382,
        8.14280750182,
        8.69933550282,
        8.70288021182,
        8.89250696182,
        9.90090146182,
        8.34557304482,
        8.40212212782,
        10.25235887782
      ],
      "exit_codes": [
        0,
        0,
        0,
        0,
        0,
        0,
        0,
        0,
        0,
        0
      ]
    }
  ]
}
