{
  "results": [
    {
      "command": "zsh -ic exit",
      "mean": 7.668072818405001,
      "stddev": 1.7212895904155585,
      "median": 7.758607296805,
      "user": 2.1464253049999997,
      "system": 0.879081345,
      "min": 5.179076423804999,
      "max": 10.488699834805,
      "times": [
        5.632746709805,
        7.7517414928049995,
        7.656225822805,
        5.8381130978049995,
        5.179076423804999,
        9.370996208805,
        10.488699834805,
        9.101452311805001,
        7.765473100805,
        7.896203180805
      ]
    }
  ]
}
