{
  "results": [
    {
      "command": "zsh -ic exit",
      "mean": 7.198078833755,
      "stddev": 0.877149376351017,
      "median": 7.086741875255001,
      "user": 2.9525172049999995,
      "system": 1.4599631050000001,
      "min": 5.738006396255,
      "max": 8.503482695255,
      "times": [
        8.503482695255,
        7.1061022372550005,
        8.114757438255,
        7.494936509255,
        6.868650794255,
        7.067381513255,
        5.738006396255,
        6.324079310255001,
        8.154623448255,
        6.6087679952550005
      ]
    }
  ]
}
