{
  "results": [
    {
      "command": "zsh -ic exit",
      "mean": 9.655963364259998,
      "stddev": 1.8443471933767177,
      "median": 8.863776785359999,
      "user": 2.7708465599999994,
      "system": 1.45470042,
      "min": 8.20296196086,
      "max": 13.99726758586,
      "times": [
        8.46569744286,
        10.13663709786,
        8.95191046586,
        8.98377165486,
        8.775643104859999,
        11.72864493286,
        8.673725981859999,
        13.99726758586,
        8.20296196086,
        8.64337341486
      ],
      "exit_codes": [
        0,
        0,
        0,
        0,
        0,
        0,
        0,
        0,
        0,
        0
      ]
    }
  ]
}
