{
  "results": [
    {
      "command": "zsh -ic exit",
      "mean": 0.1677105603632353,
      "stddev": 0.010209248875375504,
      "median": 0.166707635775,
      "user": 0.11869751029411765,
      "system": 0.05465726617647059,
      "min": 0.153999572775,
      "max": 0.199589799775,
      "times": [
        0.169465168775,
        0.166707635775,
        0.153999572775,
        0.199589799775,
        0.173115614775,
        0.170590670775,
        0.161988852775,
        0.166703476775,
        0.158038789775,
        0.162004139775,
        0.161166870775,
        0.169368599775,
        0.175470474775,
        0.165381031775,
        0.168407111775,
        0.156474282775,
        0.172607432775
      ]
    }
  ]
}
