{
  "results": [
    {
      "command": "zsh -ic exit",
      "mean": 0.436188443385,
      "stddev": 0.011373390730761934,
      "median": 0.4397236279850001,
      "user": 0.27659264499999997,
      "system": 0.180871595,
      "min": 0.418433240485,
      "max": 0.44959325748500006,
      "times": [
        0.447988191485,
        0.425401873485,
        0.44055476348500006,
        0.44676996648500006,
        0.418433240485,
        0.44959325748500006,
        0.44306648748500005,
        0.43889249248500006,
        0.426904933485,
        0.424279227485
      ]
    }
  ]
}
