{
  "results": [
    {
      "command": "zsh -ic exit",
      "mean": 0.03695364267,
      "stddev": 0.0037053122127634593,
      "median": 0.03650420767,
      "user": 0.024196652380952376,
      "system": 0.013043644404761903,
      "min": 0.03194215417,
      "max": 0.05083223617,
      "times": [
        0.03480406117,
        0.03658671417,
        0.03907430117,
        0.038919407169999996,
        0.03329181117,
        0.04132887317,
        0.03476312917,
        0.03681687817,
        0.03887774717,
        0.033088377169999995,
        0.03406875117,
        0.03673777617,
        0.03652557217,
        0.03393376317,
        0.03344285717,
        0.03738204117,
        0.03237969717,
        0.03669716417,
        0.03194215417,
        0.03360978017,
        0.03548512717,
        0.03560269517,
        0.03668852517,
        0.04307647717,
        0.03885399017,
        0.03945123917,
        0.04667268617,
        0.03436525217,
        0.042926348169999996,
        0.036429107169999995,
        0.03393391517,
        0.04271348517,
        0.03471247817,
        0.04146986117,
        0.03265916017,
        0.03307527017,
        0.03736780017,
        0.03895774217,
        0.036198314169999996,
        0.03648284317,
        0.04192250317,
        0.038707835169999996,
        0.03263184117,
        0.033871004169999996,
        0.034583554169999996,
        0.03586837917,
        0.04264061917,
        0.03967453917,
        0.04051185317,
        0.05083223617,
        0.034670494169999996,
        0.03451481317,
        0.03716680117,
        0.03418951417,
        0.033158957169999996,
        0.03663620417,
        0.03238626617,
        0.03761646517,
        0.03290441217,
        0.03626288117,
        0.03708963217,
        0.03756223817,
        0.03890697417,
        0.03924267017,
        0.03402615617,
        0.033186075169999996,
        0.03355749717,
        0.03640176617,
        0.03757104317,
        0.03246665017,
        0.03431687317,
        0.03253227217,
        0.04368133817,
        0.04480111817,
        0.04367697817,
        0.03754487617,
        0.04190930717,
        0.03768814517,
        0.03344078417,
        0.03944341317,
        0.03570816117,
        0.03527708317,
        0.03875537517,
        0.03317520917
      ]
    }
  ]
}
