{
  "results": [
    {
      "command": "zsh -ic exit",
      "mean": 0.19188021800000005,
      "stddev": 0.008614383328701564,
      "median": 0.18976708050000002,
      "user": 0.13547115428571427,
      "system": 0.06662775928571428,
      "min": 0.18009767950000002,
      "max": 0.2078755535,
      "times": [
        0.2005842425,
        0.2078755535,
        0.18612026750000002,
        0.18592842450000002,
        0.18009767950000002,
        0.18026706950000002,
        0.20566781750000002,
        0.1859050955,
        0.1913094495,
        0.1896963905,
        0.1965572405,
        0.1893543795,
        0.1898377705,
        0.1971216715
      ]
    }
  ]
}
