{
  "results": [
    {
      "command": "zsh -ic exit",
      "mean": 0.049303351575862055,
      "stddev": 0.0007412479423366264,
      "median": 0.0492488098,
      "user": 0.03655200206896552,
      "system": 0.013539520689655176,
      "min": 0.0482435388,
      "max": 0.0514045808,
      "times": [
        0.0504200808,
        0.0493867058,
        0.0485178718,
        0.0491039138,
        0.0497498728,
        0.0500405388,
        0.0493164138,
        0.0494061638,
        0.0485117478,
        0.0485262888,
        0.0488122888,
        0.0486630388,
        0.0503151228,
        0.0499879558,
        0.0493812058,
        0.0490167478,
        0.0497621648,
        0.0496229968,
        0.0492656228,
        0.0510057058,
        0.0503380808,
        0.0496438308,
        0.0493627058,
        0.0493888718,
        0.0485824978,
        0.0489423728,
        0.0492829558,
        0.0492319968,
        0.0486877058,
        0.0485303308,
        0.0491698718,
        0.0485148308,
        0.0489418308,
        0.0486860388,
        0.0489117478,
        0.0486095808,
        0.0486619558,
        0.0494852888,
        0.0504154138,
        0.0514045808,
        0.0510212068,
        0.0489984558,
        0.0511460398,
        0.0494452468,
        0.0491327478,
        0.0497405388,
        0.0493914558,
        0.0495580808,
        0.0482435388,
        0.0492835808,
        0.0487561638,
        0.0485250388,
        0.0482952058,
        0.0493714558,
        0.0488522478,
        0.0489001638,
        0.0482882478,
        0.0490400388
      ],
      "exit_codes": [
        0,
        0,
        0,
        0,
        0,
        0,
        0,
        0,
        0,
        0,
        0,
        0,
        0,
        0,
        0,
        0,
        0,
        0,
        0,
        0,
        0,
        0,
        0,
        0,
        0,
        0,
        0,
        0,
        0,
        0,
        0,
        0,
        0,
        0,
        0,
        0,
        0,
        0,
        0,
        0,
        0,
        0,
        0,
        0,
        0,
        0,
        0,
        0,
        0,
        0,
        0,
        0,
        0,
        0,
        0,
        0,
        0,
        0
      ]
    }
  ]
}
