{
  "results": [
    {
      "command": "zsh -ic exit",
      "mean": 0.03806080234449369,
      "stddev": 0.003955828619331957,
      "median": 0.037573345585,
      "user": 0.02645899987341771,
      "system": 0.011769446582278487,
      "min": 0.032613095585,
      "max": 0.054442365585000006,
      "times": [
        0.037180629585,
        0.035430808585,
        0.037869679585,
        0.038684246585000005,
        0.040376082585,
        0.041628979585,
        0.034868920585000004,
        0.034541155585000004,
        0.034182328585000005,
        0.037821336585000004,
        0.033925205585,
        0.042166986585,
        0.037036097585000004,
        0.034071655585000006,
        0.054442365585000006,
        0.046156983585000005,
        0.033535714585,
        0.034312241585,
        0.035442058585000005,
        0.041478346585000006,
        0.040926305585,
        0.033212165585,
        0.037318017585,
        0.035857813585,
        0.040612318585,
        0.045797702585,
        0.041266038585000005,
        0.038170013585,
        0.036494783585,
        0.040247545585,
        0.035549464585,
        0.038203709585,
        0.038078680585,
        0.033669119585000004,
        0.037696222585,
        0.037573345585,
        0.040192851585,
        0.043899191585000004,
        0.040068695585,
        0.033275473585,
        0.036159217585,
        0.032613095585,
        0.037166128585,
        0.038627407585,
        0.033495041585,
        0.043380328585,
        0.046457207585,
        0.034653965585,
        0.037598700585000006,
        0.038424613585,
        0.033475931585,
        0.035306665585,
        0.034625516585,
        0.033061249585,
        0.036891573585000004,
        0.039108884585,
        0.034750855585000004,
        0.044646455585,
        0.047610906585,
        0.035191738585,
        0.041227538585,
        0.041172768585000005,
        0.035377486585,
        0.034574695585,
        0.040983567585000005,
        0.038624748585,
        0.036136137585000006,
        0.039516667585000005,
        0.034809791585,
        0.041066465585,
        0.040109223585000006,
        0.035632858585,
        0.037120950585,
        0.035673838585000006,
        0.038007046585,
        0.041363020585,
        0.036576559585,
        0.038193027585000004,
        0.034130223585
      ]
    }
  ]
}
