{
  "results": [
    {
      "command": "zsh -ic exit",
      "mean": 0.19077631688857144,
      "stddev": 0.015831408583339413,
      "median": 0.19599469096,
      "user": 0.14593602,
      "system": 0.050956111428571434,
      "min": 0.16068784646,
      "max": 0.20813752146,
      "times": [
        0.20813752146,
        0.17036351046,
        0.19640619346,
        0.19558318846,
        0.18898498546,
        0.20173101446,
        0.20212662046,
        0.17472131546,
        0.20813118746,
        0.17783492845999999,
        0.20674524046,
        0.17658771446,
        0.16068784646,
        0.20282716946
      ],
      "exit_codes": [
        0,
        0,
        0,
        0,
        0,
        0,
        0,
        0,
        0,
        0,
        0,
        0,
        0,
        0
      ]
    }
  ]
}
