{
  "results": [
    {
      "command": "zsh -ic exit",
      "mean": 0.10568231429724138,
      "stddev": 0.005582822605851468,
      "median": 0.10420317978,
      "user": 0.06676216827586207,
      "system": 0.04237546206896551,
      "min": 0.10066651278000001,
      "max": 0.12443351278,
      "times": [
        0.10155988778000001,
        0.10257447078000001,
        0.10324588778,
        0.10600472078,
        0.10066651278000001,
        0.10459880378,
        0.10191092878,
        0.10116097078000001,
        0.10207201278,
        0.10420317978,
        0.10720492878,
        0.10241501278000001,
        0.10452767878000001,
        0.10324622078000001,
        0.10220622178000001,
        0.10193347078000001,
        0.10470759578000001,
        0.10648867878,
        0.10308088678,
        0.10223501178000001,
        0.12443351278,
        0.10180647078,
        0.10775476278,
        0.10680930378,
        0.11203617978000001,
        0.10663988778000001,
        0.10755963778000001,
        0.12190522178,
        0.10979905478
      ],
      "exit_codes": [
        0,
        0,
        0,
        0,
        0,
        0,
        0,
        0,
        0,
        0,
        0,
        0,
        0,
        0,
        0,
        0,
        0,
        0,
        0,
        0,
        0,
        0,
        0,
        0,
        0,
        0,
        0,
        0,
        0
      ]
    }
  ]
}
