{
  "results": [
    {
      "command": "zsh -ic exit",
      "mean": 0.16625900349999997,
      "stddev": 0.017237311312246952,
      "median": 0.1606723235,
      "user": 0.12209247333333331,
      "system": 0.049660164444444446,
      "min": 0.1491654925,
      "max": 0.2148784965,
      "times": [
        0.1599902925,
        0.1564498275,
        0.1834042425,
        0.1491654925,
        0.1613543545,
        0.1562827645,
        0.1991691415,
        0.1533375605,
        0.1504006305,
        0.1695719205,
        0.16936191949999999,
        0.2148784965,
        0.1676889645,
        0.1595485945,
        0.1543419825,
        0.1622493615,
        0.16943632349999999,
        0.1560301935
      ],
      "exit_codes": [
        0,
        0,
        0,
        0,
        0,
        0,
        0,
        0,
        0,
        0,
        0,
        0,
        0,
        0,
        0,
        0,
        0,
        0
      ]
    }
  ]
}
