{
  "results": [
    {
      "command": "zsh -ic exit",
      "mean": 0.6838945382999999,
      "stddev": 0.03831913744525302,
      "median": 0.6758093192000001,
      "user": 0.54288003,
      "system": 0.23604954500000003,
      "min": 0.6483140002000001,
      "max": 0.7837022902,
      "times": [
        0.6702896072000001,
        0.6483140002000001,
        0.6837949362000001,
        0.6595351102000001,
        0.6782615142,
        0.7007079562,
        0.6850587262000001,
        0.6733571242,
        0.6559241182000001,
        0.7837022902
      ]
    }
  ]
}
