{
  "results": [
    {
      "command": "zsh -ic exit",
      "mean": 0.42692031952000004,
      "stddev": 0.01443254774576001,
      "median": 0.42873276711999997,
      "user": 0.27064393999999997,
      "system": 0.17405713999999997,
      "min": 0.40445444062,
      "max": 0.45169683462,
      "times": [
        0.45169683462,
        0.40445444062,
        0.42177452462,
        0.44279775962,
        0.41168585262,
        0.43041523462,
        0.41409888262,
        0.43402199962,
        0.42705029962,
        0.43120736662
      ],
      "exit_codes": [
        0,
        0,
        0,
        0,
        0,
        0,
        0,
        0,
        0,
        0
      ]
    }
  ]
}
