{
  "results": [
    {
      "command": "zsh -ic exit",
      "mean": 0.16592235361941174,
      "stddev": 0.00904772037316523,
      "median": 0.16671267409,
      "user": 0.11531589911764704,
      "system": 0.05982329911764707,
      "min": 0.15246821709,
      "max": 0.18186213709000001,
      "times": [
        0.17287298209000002,
        0.17438431709,
        0.17728634109,
        0.15779272209,
        0.16453503409,
        0.15334750209,
        0.16737292709,
        0.16671267409,
        0.18186213709000001,
        0.16440503309,
        0.15421073209,
        0.16100515709,
        0.17255152309,
        0.15550071709,
        0.15246821709,
        0.17320968909,
        0.17116230609
      ]
    }
  ]
}
