{
  "results": [
    {
      "command": "zsh -ic exit",
      "mean": 0.1752070131670588,
      "stddev": 0.02523072133759664,
      "median": 0.16822603752,
      "user": 0.11990163058823529,
      "system": 0.060845898235294106,
      "min": 0.15044547452,
      "max": 0.23856943852000004,
      "times": [
        0.17319461452,
        0.17100203952,
        0.23590089652000001,
        0.23856943852000004,
        0.17233641152,
        0.16029565252000003,
        0.18279100952000002,
        0.16404476352000003,
        0.15446633752000002,
        0.16270054252000002,
        0.15372438552000003,
        0.15044547452,
        0.16753364552000002,
        0.18558808352000003,
        0.16195717352000003,
        0.17574271752000004,
        0.16822603752
      ]
    }
  ]
}
