{
  "results": [
    {
      "command": "zsh -ic exit",
      "mean": 0.26362521247,
      "stddev": 0.009830961270568395,
      "median": 0.26589130047000004,
      "user": 0.19529929166666662,
      "system": 0.07379395666666667,
      "min": 0.24834757297,
      "max": 0.27692250197000007,
      "times": [
        0.24834757297,
        0.26789657097,
        0.27692250197000007,
        0.27289294797,
        0.26388602997000005,
        0.24908006697,
        0.25420557697,
        0.25707011997000007,
        0.25941312397000005,
        0.26863359497000006,
        0.27149656797000005,
        0.27365787497000005
      ]
    }
  ]
}
