{
  "results": [
    {
      "command": "zsh -ic exit",
      "mean": 0.04695406800253969,
      "stddev": 0.0027510932290393214,
      "median": 0.04616594432,
      "user": 0.034860849206349215,
      "system": 0.012628603809523808,
      "min": 0.04469561132,
      "max": 0.06499340332,
      "times": [
        0.04694352832,
        0.04548769532,
        0.046100694319999996,
        0.04628990332,
        0.04549148732,
        0.04610686132,
        0.04566544532,
        0.04560940332,
        0.04524923632,
        0.04559511132,
        0.04557519532,
        0.04469561132,
        0.04858348632,
        0.04893269432,
        0.04856123632,
        0.04812544532,
        0.04678111132,
        0.04612261132,
        0.06499340332,
        0.05147965332,
        0.04863011232,
        0.049024528319999996,
        0.04679361132,
        0.04597019532,
        0.04595240332,
        0.04570240332,
        0.04549040332,
        0.04516994432,
        0.04584498732,
        0.04624394532,
        0.04646540332,
        0.04650456932,
        0.04877165332,
        0.04714769532,
        0.04595198732,
        0.04808082032,
        0.04664852832,
        0.04616594432,
        0.04679477832,
        0.04950211232,
        0.04779323632,
        0.04557290332,
        0.046214528319999996,
        0.04668911132,
        0.04615898732,
        0.04795540332,
        0.04622215332,
        0.04529398632,
        0.04493290332,
        0.04581848632,
        0.04548819532,
        0.04531823632,
        0.04574102832,
        0.04532723732,
        0.04535761132,
        0.04502469532,
        0.04551827832,
        0.046158528319999996,
        0.04706340332,
        0.04702932032,
        0.04842252832,
        0.05199673732,
        0.04776294432
      ],
      "exit_codes": [
        0,
        0,
        0,
        0,
        0,
        0,
        0,
        0,
        0,
        0,
        0,
        0,
        0,
        0,
        0,
        0,
        0,
        0,
        0,
        0,
        0,
        0,
        0,
        0,
        0,
        0,
        0,
        0,
        0,
        0,
        0,
        0,
        0,
        0,
        0,
        0,
        0,
        0,
        0,
        0,
        0,
        0,
        0,
        0,
        0,
        0,
        0,
        0,
        0,
        0,
        0,
        0,
        0,
        0,
        0,
        0,
        0,
        0,
        0,
        0,
        0,
        0,
        0
      ]
    }
  ]
}
