{
  "results": [
    {
      "command": "zsh -ic exit",
      "mean": 0.043692122167647056,
      "stddev": 0.0007415682083554952,
      "median": 0.0437092743,
      "user": 0.033292988235294106,
      "system": 0.011066239411764704,
      "min": 0.041970503299999996,
      "max": 0.0468318783,
      "times": [
        0.0435409613,
        0.0440500443,
        0.0435502113,
        0.0437471693,
        0.0442892533,
        0.0446003783,
        0.0437869623,
        0.0443247533,
        0.0448980453,
        0.0446159193,
        0.0439681283,
        0.0437911703,
        0.0439050033,
        0.0443123783,
        0.043928545299999996,
        0.0437195033,
        0.044399794299999996,
        0.0436869203,
        0.0434659613,
        0.0438735033,
        0.0438930033,
        0.0432335443,
        0.0434707953,
        0.0448242953,
        0.0426482533,
        0.0434776703,
        0.0441058783,
        0.0428747533,
        0.0436436703,
        0.0445724613,
        0.0449527953,
        0.0441518783,
        0.0436992113,
        0.0431229203,
        0.0426755033,
        0.0437948783,
        0.0440051703,
        0.0434332943,
        0.0438434613,
        0.0421955443,
        0.041970503299999996,
        0.042700836299999996,
        0.0430957533,
        0.0435616703,
        0.0439722533,
        0.0435901293,
        0.0435758783,
        0.0435445863,
        0.0427651693,
        0.0420300033,
        0.0432675443,
        0.043403128299999996,
        0.043872544299999996,
        0.0468318783,
        0.0443636703,
        0.0437618363,
        0.0439763783,
        0.0432655863,
        0.0425700453,
        0.0436221703,
        0.0437706703,
        0.0437193373,
        0.0432149623,
        0.0443192953,
        0.043033545299999997,
        0.0436242533,
        0.043486378299999996,
        0.0430807123
      ],
      "exit_codes": [
        0,
        0,
        0,
        0,
        0,
        0,
        0,
        0,
        0,
        0,
        0,
        0,
        0,
        0,
        0,
        0,
        0,
        0,
        0,
        0,
        0,
        0,
        0,
        0,
        0,
        0,
        0,
        0,
        0,
        0,
        0,
        0,
        0,
        0,
        0,
        0,
        0,
        0,
        0,
        0,
        0,
        0,
        0,
        0,
        0,
        0,
        0,
        0,
        0,
        0,
        0,
        0,
        0,
        0,
        0,
        0,
        0,
        0,
        0,
        0,
        0,
        0,
        0,
        0,
        0,
        0,
        0,
        0
      ]
    }
  ]
}
