{
  "results": [
    {
      "command": "zsh -ic exit",
      "mean": 0.012248538574453783,
      "stddev": 0.002027486799143631,
      "median": 0.012019670440000001,
      "user": 0.009587318319327732,
      "system": 0.002602416722689076,
      "min": 0.01130512944,
      "max": 0.037863129440000004,
      "times": [
        0.012330753440000002,
        0.013409962440000001,
        0.012286254440000002,
        0.012200670440000002,
        0.013151421440000002,
        0.012046921440000002,
        0.011892337440000001,
        0.01196496244,
        0.01226158744,
        0.01192929644,
        0.012019170440000001,
        0.011940879440000001,
        0.01214104644,
        0.012447170440000002,
        0.01212108744,
        0.012058504440000001,
        0.01226321244,
        0.012307962440000002,
        0.012131671440000002,
        0.01219896244,
        0.011827795440000002,
        0.012665378440000001,
        0.011824629440000001,
        0.012313212440000002,
        0.01229667044,
        0.012052296440000002,
        0.011750212440000001,
        0.01186354644,
        0.011945212440000002,
        0.012081171440000002,
        0.012000545440000001,
        0.011960462440000002,
        0.011763378440000001,
        0.011666671440000002,
        0.011914128440000001,
        0.012320379440000001,
        0.011743837440000002,
        0.01163904544,
        0.01130512944,
        0.01226929644,
        0.012983587440000001,
        0.014594296440000001,
        0.012335045440000001,
        0.012793337440000002,
        0.013265878440000002,
        0.01301737944,
        0.012659087440000001,
        0.012864670440000002,
        0.011890420440000002,
        0.012392629440000002,
        0.012712754440000001,
        0.013036254440000002,
        0.012611920440000002,
        0.012504837440000001,
        0.01208142044,
        0.012373003440000002,
        0.012455795440000002,
        0.011837712440000002,
        0.011680587440000001,
        0.01192912844,
        0.012294712440000001,
        0.012231004440000002,
        0.012151670440000002,
        0.011836503440000002,
        0.011776878440000001,
        0.012435879440000002,
        0.012264045440000001,
        0.011761087440000002,
        0.011977254440000001,
        0.011509046440000002,
        0.011926670440000002,
        0.01253421344,
        0.011716670440000002,
        0.011724962440000002,
        0.011658795440000001,
        0.011706045440000002,
        0.012500503440000001,
        0.011987545440000002,
        0.011958712440000002,
        0.011812504440000001,
        0.011666003440000001,
        0.012061712440000002,
        0.012056170440000001,
        0.011881337440000002,
        0.012026587440000002,
        0.01152071244,
        0.011732087440000002,
        0.012320212440000002,
        0.011878296440000002,
        0.011713920440000001,
        0.011902754440000001,
        0.011965004440000001,
        0.012228045440000002,
        0.011771878440000001,
        0.011624462440000002,
        0.011559754440000002,
        0.011741795440000001,
        0.011946837440000002,
        0.012132587440000002,
        0.012174129440000002,
        0.011955712440000002,
        0.011408462440000001,
        0.011680753440000002,
        0.01224921244,
        0.011666212440000002,
        0.011895545440000002,
        0.01177279544,
        0.011740045440000001,
        0.012261254440000001,
        0.012111795440000002,
        0.01165654544,
        0.011871837440000001,
        0.01145646244,
        0.01166950444,
        0.012347545440000001,
        0.01178783744,
        0.011765296440000001,
        0.01172033744,
        0.01134558744,
        0.012149421440000002,
        0.012243087440000001,
        0.011907420440000002,
        0.011724337440000001,
        0.011471670440000001,
        0.01178458744,
        0.012385129440000002,
        0.011542171440000002,
        0.02868954644,
        0.037863129440000004,
        0.012828420440000002,
        0.01332854544,
        0.012396420440000002,
        0.013101254440000001,
        0.012278295440000002,
        0.012087295440000001,
        0.011863712440000002,
        0.012116670440000001,
        0.012495045440000001,
        0.012275712440000001,
        0.011764587440000002,
        0.011603712440000002,
        0.011579754440000001,
        0.012498295440000001,
        0.012624462440000001,
        0.012221878440000002,
        0.012396378440000001,
        0.012120587440000002,
        0.012036379440000002,
        0.012289462440000001,
        0.011828378440000002,
        0.011834671440000001,
        0.011660545440000001,
        0.011562171440000001,
        0.012201879440000002,
        0.012257379440000002,
        0.01220421244,
        0.01171462944,
        0.011443046440000002,
        0.012210671440000001,
        0.012369712440000001,
        0.012206212440000001,
        0.011745462440000002,
        0.011746753440000002,
        0.011736878440000001,
        0.012428754440000002,
        0.012154878440000001,
        0.011940420440000002,
        0.01196100444,
        0.011736545440000001,
        0.011837170440000001,
        0.01216879644,
        0.012442629440000002,
        0.01224967044,
        0.01167204544,
        0.01246783744,
        0.012311878440000002,
        0.012020170440000002,
        0.011754337440000002,
        0.012029879440000002,
        0.012302087440000001,
        0.01203421244,
        0.01222637944,
        0.011746129440000001,
        0.011571379440000001,
        0.011612545440000002,
        0.01187667044,
        0.012035087440000002,
        0.012301628440000002,
        0.01182292044,
        0.011594587440000002,
        0.012249587440000001,
        0.012183212440000002,
        0.011917921440000001,
        0.011685837440000001,
        0.011820629440000001,
        0.011667545440000001,
        0.01203679644,
        0.012340462440000002,
        0.01187842044,
        0.011663670440000001,
        0.011951129440000001,
        0.012362129440000001,
        0.01221154544,
        0.011753462440000001,
        0.01173946244,
        0.012744837440000002,
        0.011865129440000002,
        0.012860004440000001,
        0.011799920440000002,
        0.012223462440000001,
        0.013102129440000002,
        0.01239592144,
        0.011656379440000001,
        0.012411587440000002,
        0.011974170440000001,
        0.011871795440000001,
        0.012061212440000002,
        0.012408170440000001,
        0.012273503440000002,
        0.012018045440000001,
        0.011722378440000002,
        0.011526503440000002,
        0.012421504440000002,
        0.012140462440000001,
        0.01206721244,
        0.011675004440000001,
        0.011792879440000001,
        0.011981212440000001,
        0.012429671440000001,
        0.01176087844,
        0.011770295440000002,
        0.01163404544,
        0.01222300444,
        0.012405003440000001,
        0.011765878440000002,
        0.011740462440000002,
        0.011749337440000002,
        0.012170420440000001
      ],