{
  "results": [
    {
      "command": "zsh -ic exit",
      "mean": 0.1727993957625,
      "stddev": 0.008108494343928383,
      "median": 0.172725011325,
      "user": 0.11843043999999998,
      "system": 0.059808410000000006,
      "min": 0.158353589825,
      "max": 0.188715525825,
      "times": [
        0.176056667825,
        0.182701406825,
        0.188715525825,
        0.167590560825,
        0.165579718825,
        0.16699194382500002,
        0.173176442825,
        0.176688895825,
        0.173979660825,
        0.170633820825,
        0.177905868825,
        0.172273579825,
        0.182653161825,
        0.171140587825,
        0.160348899825,
        0.158353589825
      ]
    }
  ]
}
