{
  "results": [
    {
      "command": "zsh -ic exit",
      "mean": 0.64666118272,
      "stddev": 0.06652778742057326,
      "median": 0.64747190722,
      "user": 0.51496278,
      "system": 0.23922117999999998,
      "min": 0.54542099772,
      "max": 0.77881085072,
      "times": [
        0.70575176372,
        0.77881085072,
        0.66896609872,
        0.66944336872,
        0.64538375272,
        0.54542099772,
        0.61375019972,
        0.57097127272,
        0.64956006172,
        0.6185534607200001
      ],
      "exit_codes": [
        0,
        0,
        0,
        0,
        0,
        0,
        0,
        0,
        0,
        0
      ]
    }
  ]
}
