{
  "results": [
    {
      "command": "zsh -ic exit",
      "mean": 0.49450331832999994,
      "stddev": 0.020946792693283596,
      "median": 0.48460700963000003,
      "user": 0.16199028499999998,
      "system": 0.33916144,
      "min": 0.47248123713000006,
      "max": 0.53952121513,
      "times": [
        0.48785933813000004,
        0.50476383413,
        0.4809124201300001,
        0.4813546811300001,
        0.4793785111300001,
        0.53952121513,
        0.51377363813,
        0.50518532613,
        0.47248123713000006,
        0.47980298213000006
      ]
    }
  ]
}
