{
  "results": [
    {
      "command": "zsh -ic exit",
      "mean": 0.502238330255,
      "stddev": 0.00900598729543224,
      "median": 0.504493734755,
      "user": 0.369842305,
      "system": 0.14123269,
      "min": 0.48532954525500005,
      "max": 0.516975537255,
      "times": [
        0.506345149255,
        0.516975537255,
        0.504305399255,
        0.49171851125500005,
        0.504682070255,
        0.509904309255,
        0.500728310255,
        0.49759962225500004,
        0.504794848255,
        0.48532954525500005
      ]
    }
  ]
}
