{
  "results": [
    {
      "command": "zsh -ic exit",
      "mean": 0.657076471225,
      "stddev": 0.014603956175701505,
      "median": 0.659594684425,
      "user": 0.409522505,
      "system": 0.28105527999999996,
      "min": 0.634960357425,
      "max": 0.674260917425,
      "times": [
        0.661221135425,
        0.671461291425,
        0.669507754425,
        0.674260917425,
        0.634960357425,
        0.638347503425,
        0.657968233425,
        0.651850466425,
        0.641934551425,
        0.669252501425
      ]
    }
  ]
}
