{
  "results": [
    {
      "command": "zsh -ic exit",
      "mean": 0.16503590989499997,
      "stddev": 0.005818731871228493,
      "median": 0.16358500052,
      "user": 0.1324927625,
      "system": 0.0609383925,
      "min": 0.15914783452,
      "max": 0.18086979252,
      "times": [
        0.18086979252,
        0.16048129251999999,
        0.16568670952,
        0.16039666752,
        0.16376416752,
        0.16075012652,
        0.15914783452,
        0.16340583352,
        0.16496008452,
        0.15987354252,
        0.16241916752,
        0.16549304352,
        0.17141695952,
        0.16718979252,
        0.16155975052,
        0.17315979352
      ],
      "exit_codes": [
        0,
        0,
        0,
        0,
        0,
        0,
        0,
        0,
        0,
        0,
        0,
        0,
        0,
        0,
        0,
        0
      ]
    }
  ]
}
