{
  "results": [
    {
      "command": "zsh -ic exit",
      "mean": 0.15129830089052634,
      "stddev": 0.0025111918118723886,
      "median": 0.15118110968,
      "user": 0.11992965368421053,
      "system": 0.032521928421052636,
      "min": 0.14816269368,
      "max": 0.15725148468,
      "times": [
        0.15013306868,
        0.14857244368,
        0.15158011068,
        0.14840594268,
        0.14816269368,
        0.15223715168,
        0.15268011068,
        0.14897240168,
        0.14979306868,
        0.15118110968,
        0.15166256868,
        0.15090306868,
        0.15620377668,
        0.15181648568,
        0.15441210968,
        0.15725148468,
        0.15157665168,
        0.14978315168,
        0.14934031768
      ],
      "exit_codes": [
        0,
        0,
        0,
        0,
        0,
        0,
        0,
        0,
        0,
        0,
        0,
        0,
        0,
        0,
        0,
        0,
        0,
        0,
        0
      ]
    }
  ]
}
