{
  "results": [
    {
      "command": "zsh -ic exit",
      "mean": 0.041616635752721516,
      "stddev": 0.003764245491447436,
      "median": 0.041331227335,
      "user": 0.02869354474683544,
      "system": 0.013330426075949363,
      "min": 0.034984718335,
      "max": 0.050284820335,
      "times": [
        0.036898003335,
        0.039273717335,
        0.040386068335,
        0.044992433335,
        0.035273716335,
        0.045885988335,
        0.039393874335,
        0.038784133335,
        0.036839384335,
        0.043756640335,
        0.040191396335,
        0.040210582335,
        0.046718511335000004,
        0.034984718335,
        0.037075613335,
        0.044005243335,
        0.044247986335,
        0.044768188335,
        0.043903714335,
        0.036962796335,
        0.038791816335,
        0.043549556335,
        0.035876438335000004,
        0.037176749335,
        0.035150179335,
        0.050284820335,
        0.046656069335,
        0.037905147335,
        0.040880559335000004,
        0.045559629335,
        0.042601070335,
        0.038164754335,
        0.037777075335,
        0.039014121335,
        0.042820408335,
        0.044088313335000004,
        0.036066698335,
        0.040862481335,
        0.041331227335,
        0.038638795335000004,
        0.040197008335,
        0.049709016335,
        0.045852179335,
        0.042764034335,
        0.046516946335,
        0.042264226335,
        0.043998435335,
        0.046328505335,
        0.039898548335,
        0.046258066335,
        0.044338886335,
        0.038210101335,
        0.039373125335,
        0.040002310335,
        0.046956154335,
        0.042781562335,
        0.036439173335,
        0.041398622335,
        0.045815771335,
        0.044487975335,
        0.044122074335,
        0.045686889335,
        0.045468324335,
        0.039930606335,
        0.047446464335,
        0.036249867335,
        0.038979769335,
        0.038377765335,
        0.037126649335,
        0.041681480335,
        0.038112698335,
        0.042635507335,
        0.046786407335,
        0.044676491335,
        0.045211400335,
        0.045290839335,
        0.039520216335,
        0.039253103335,
        0.039818401335
      ]
    }
  ]
}
