{
  "results": [
    {
      "command": "zsh -ic exit",
      "mean": 0.16684776022000003,
      "stddev": 0.009743131871277214,
      "median": 0.168161625345,
      "user": 0.1191471325,
      "system": 0.053359792499999996,
      "min": 0.15300442034500003,
      "max": 0.187061521345,
      "times": [
        0.17731669834500002,
        0.15434291834500002,
        0.154366247345,
        0.156387885345,
        0.15300442034500003,
        0.16053678134500002,
        0.173532659345,
        0.17152513934500002,
        0.16067265934500002,
        0.17014752834500002,
        0.164847229345,
        0.17478960734500001,
        0.187061521345,
        0.174709617345,
        0.16970715334500003,
        0.16661609734500002
      ]
    }
  ]
}
