{
  "results": [
    {
      "command": "zsh -ic exit",
      "mean": 0.6215603092199999,
      "stddev": 0.07504038095850332,
      "median": 0.65541164672,
      "user": 0.47935324,
      "system": 0.15184856,
      "min": 0.50916451172,
      "max": 0.70869427172,
      "times": [
        0.67015265572,
        0.51672065372,
        0.54629377772,
        0.64067063772,
        0.67798135472,
        0.68509559472,
        0.58743406672,
        0.50916451172,
        0.70869427172,
        0.67339556772
      ],
      "exit_codes": [
        0,
        0,
        0,
        0,
        0,
        0,
        0,
        0,
        0,
        0
      ]
    }
  ]
}
