{
  "results": [
    {
      "command": "zsh -ic exit",
      "mean": 0.03743414970919753,
      "stddev": 0.00341134272370655,
      "median": 0.036236966845,
      "user": 0.027625681481481486,
      "system": 0.010090846666666665,
      "min": 0.033568042845,
      "max": 0.048690412845,
      "times": [
        0.036241489845,
        0.035217216844999996,
        0.034368993845,
        0.034972285845,
        0.038746420845,
        0.040330782845,
        0.036371938845,
        0.035645663845,
        0.041638576845,
        0.033970210845,
        0.042449914845,
        0.037257450845,
        0.035062972845,
        0.036639860845,
        0.035051154845,
        0.035776537845,
        0.034786049845,
        0.039235639845,
        0.042305312845,
        0.036195055845,
        0.034771408845,
        0.039068489845,
        0.037604009845,
        0.036376852845,
        0.035473659845,
        0.037753577845,
        0.035374336845,
        0.033986178845,
        0.033748829845,
        0.035936778845,
        0.034317633845,
        0.039626773845,
        0.037813643845,
        0.036236966845,
        0.036120361845,
        0.034377122845,
        0.033937415845,
        0.035409425845,
        0.038771516845,
        0.040869537845,
        0.035522356845,
        0.035372888845,
        0.035414761844999997,
        0.035117412845,
        0.047640086845,
        0.036480400845,
        0.037104421845,
        0.036641624845,
        0.036903446845,
        0.035927799845,
        0.038689172845,
        0.035514722845,
        0.038922202845,
        0.036603205845,
        0.044669272845,
        0.042422349845,
        0.034556363845,
        0.034382657845,
        0.035588138845,
        0.035952622845,
        0.037035019845,
        0.037777934845,
        0.046090820845,
        0.042339822845,
        0.035451604845,
        0.042471111845,
        0.036983234845,
        0.048690412845,
        0.035554884845,
        0.034575605845,
        0.039416824845,
        0.041168514845,
        0.033568042845,
        0.038441507845,
        0.035931954845,
        0.042779377845,
        0.035134926845,
        0.034389258845,
        0.046596486845,
        0.034915403845,
        0.033589407845
      ]
    }
  ]
}
