{
  "results": [
    {
      "command": "zsh -ic exit",
      "mean": 0.886944022515,
      "stddev": 0.014734213614953884,
      "median": 0.8890982058150001,
      "user": 0.6575009949999999,
      "system": 0.355981255,
      "min": 0.8659024258150001,
      "max": 0.9109745788150001,
      "times": [
        0.8659024258150001,
        0.879170465815,
        0.896593335815,
        0.870771511815,
        0.871199773815,
        0.889613083815,
        0.899374044815,
        0.888583327815,
        0.9109745788150001,
        0.897257676815
      ]
    }
  ]
}
