{
  "results": [
    {
      "command": "zsh -ic exit",
      "mean": 0.04858886687374999,
      "stddev": 0.003930297886099632,
      "median": 0.04753261128,
      "user": 0.03554423624999999,
      "system": 0.013671986874999997,
      "min": 0.04429417278,
      "max": 0.06381225678,
      "times": [
        0.04588079878,
        0.04546746478,
        0.04564271478,
        0.045793339780000004,
        0.045038422780000004,
        0.04578750678,
        0.05344650678,
        0.04971008978,
        0.052420340780000005,
        0.050830798780000006,
        0.05047463178,
        0.04785650678,
        0.047400465780000005,
        0.04797475678,
        0.047784589780000004,
        0.04619408978,
        0.04583825678,
        0.045876297780000005,
        0.04907179878,
        0.05446121478,
        0.06381225678,
        0.05065642378,
        0.04945746478,
        0.055590006780000006,
        0.059642089780000004,
        0.05139921578,
        0.05398071578,
        0.062215298780000004,
        0.053241714780000005,
        0.048613381780000006,
        0.04755563178,
        0.04750959078,
        0.050063464780000004,
        0.046170423780000004,
        0.04590284078,
        0.04743304878,
        0.04429417278,
        0.045692715780000004,
        0.047253381780000006,
        0.04727013178,
        0.048945881780000006,
        0.047326298780000005,
        0.046565339780000006,
        0.046284798780000004,
        0.045657423780000005,
        0.04631888178,
        0.04677042378,
        0.04441300678,
        0.04887725678,
        0.04848263178,
        0.04879842378,
        0.050012881780000004,
        0.047596506780000006,
        0.04882159078,
        0.04817842278,
        0.045945256780000006,
        0.04595779878,
        0.04569042378,
        0.044656048780000006,
        0.048207298780000005,
        0.04619704878,
        0.04549054878,
        0.04561417378,
        0.04817454778
      ],
      "exit_codes": [
        0,
        0,
        0,
        0,
        0,
        0,
        0,
        0,
        0,
        0,
        0,
        0,
        0,
        0,
        0,
        0,
        0,
        0,
        0,
        0,
        0,
        0,
        0,
        0,
        0,
        0,
        0,
        0,
        0,
        0,
        0,
        0,
        0,
        0,
        0,
        0,
        0,
        0,
        0,
        0,
        0,
        0,
        0,
        0,
        0,
        0,
        0,
        0,
        0,
        0,
        0,
        0,
        0,
        0,
        0,
        0,
        0,
        0,
        0,
        0,
        0,
        0,
        0,
        0
      ]
    }
  ]
}
