{
  "results": [
    {
      "command": "zsh -ic exit",
      "mean": 0.06950203605227272,
      "stddev": 0.006585984865427552,
      "median": 0.06695357507500001,
      "user": 0.05122060090909091,
      "system": 0.018542746363636363,
      "min": 0.061805933575000006,
      "max": 0.08809885057500001,
      "times": [
        0.06613336857500002,
        0.06734533957500001,
        0.07835586657500002,
        0.06603784657500002,
        0.07386535457500001,
        0.06570450657500002,
        0.08302220357500001,
        0.070637063575,
        0.063393509575,
        0.069265831575,
        0.061805933575000006,
        0.06251931357500001,
        0.06395263657500001,
        0.065895438575,
        0.06452940557500002,
        0.06739738057500001,
        0.08185591557500001,
        0.06484242757500001,
        0.08809885057500001,
        0.06321687457500001,
        0.07552721557500001,
        0.06814714657500001,
        0.06755927157500001,
        0.06573863457500001,
        0.06354495357500001,
        0.066561810575,
        0.08297303357500001,
        0.06501958657500001,
        0.06461882657500001,
        0.07560877257500001,
        0.07822356357500002,
        0.06790342557500001,
        0.069930646575,
        0.08090785157500001,
        0.06767687857500002,
        0.06610813657500002,
        0.07130043357500002,
        0.07810407257500002,
        0.06655786257500002,
        0.06486288457500002,
        0.06448155857500001,
        0.069146975575,
        0.06429731157500002,
        0.06541366557500002
      ]
    }
  ]
}
