{
  "results": [
    {
      "command": "zsh -ic exit",
      "mean": 0.170526190875,
      "stddev": 0.008265072110944387,
      "median": 0.169791695875,
      "user": 0.11811938470588232,
      "system": 0.057832669705882356,
      "min": 0.157666135875,
      "max": 0.187768869875,
      "times": [
        0.173824286875,
        0.171531073875,
        0.187768869875,
        0.179119702875,
        0.176221695875,
        0.167092653875,
        0.158193281875,
        0.183275450875,
        0.174394444875,
        0.169165314875,
        0.171789338875,
        0.157666135875,
        0.165725705875,
        0.169791695875,
        0.167047846875,
        0.166584248875,
        0.159753496875
      ]
    }
  ]
}
