{
  "results": [
    {
      "command": "zsh -ic exit",
      "mean": 0.18416316469000002,
      "stddev": 0.00782647862319032,
      "median": 0.18420424329,
      "user": 0.12993025833333335,
      "system": 0.060391226666666666,
      "min": 0.16923796429,
      "max": 0.19643175029,
      "times": [
        0.18959896429,
        0.18368692129,
        0.17588290629,
        0.18652815129,
        0.19577993329,
        0.18722432129,
        0.18610282029,
        0.18420424329,
        0.18163347329,
        0.19250601129,
        0.19643175029,
        0.17323315529,
        0.17856248429,
        0.18183437029,
        0.16923796429
      ]
    }
  ]
}
