{
  "results": [
    {
      "command": "zsh -ic exit",
      "mean": 0.173766095395,
      "stddev": 0.009404327811516034,
      "median": 0.173377601895,
      "user": 0.12451023750000001,
      "system": 0.0555962025,
      "min": 0.157739032395,
      "max": 0.193734511395,
      "times": [
        0.176705903395,
        0.173682485395,
        0.193734511395,
        0.157739032395,
        0.165833909395,
        0.171791048395,
        0.182804349395,
        0.185654703395,
        0.165510603395,
        0.168802161395,
        0.172545911395,
        0.176810228395,
        0.173072718395,
        0.158869488395,
        0.176841973395,
        0.179858498395
      ]
    }
  ]
}
