{
  "results": [
    {
      "command": "zsh -ic exit",
      "mean": 0.26126676746,
      "stddev": 0.04608792336497327,
      "median": 0.27423100446000004,
      "user": 0.1705242388235294,
      "system": 0.12576063647058822,
      "min": 0.16926136546,
      "max": 0.32717691246,
      "times": [
        0.16926136546,
        0.20166460646,
        0.18011310146,
        0.23297260546,
        0.21423921146,
        0.27543832346,
        0.29640765346000003,
        0.29171918746000003,
        0.27640361346000003,
        0.27547069646000005,
        0.27121208346000003,
        0.27423100446000004,
        0.26665590346,
        0.27006915646,
        0.32051322446,
        0.32717691246,
        0.29798639746000005
      ],
      "exit_codes": [
        0,
        0,
        0,
        0,
        0,
        0,
        0,
        0,
        0,
        0,
        0,
        0,
        0,
        0,
        0,
        0,
        0
      ]
    }
  ]
}
