{
  "results": [
    {
      "command": "zsh -ic exit",
      "mean": 0.70084992106,
      "stddev": 0.015727843213854894,
      "median": 0.6999316606600001,
      "user": 0.53538469,
      "system": 0.268584235,
      "min": 0.6767087511600001,
      "max": 0.7252336291600001,
      "times": [
        0.7031464531600001,
        0.7071264191600001,
        0.6767087511600001,
        0.72013049516,
        0.71051614916,
        0.6946419011600001,
        0.7252336291600001,
        0.6967168681600001,
        0.6944704981600001,
        0.6798080461600001
      ]
    }
  ]
}
