{
  "results": [
    {
      "command": "zsh -ic exit",
      "mean": 0.04839989850063491,
      "stddev": 0.0021586327928932187,
      "median": 0.047898802580000004,
      "user": 0.035759375873015864,
      "system": 0.013283678730158725,
      "min": 0.046759719580000005,
      "max": 0.05854759358,
      "times": [
        0.04723359458,
        0.04704251058,
        0.048345135580000004,
        0.04795746958,
        0.047875677580000005,
        0.047740261580000005,
        0.048443927580000004,
        0.04694580258,
        0.04747226058,
        0.047364719580000006,
        0.04845388558,
        0.04908092758,
        0.048336802580000005,
        0.04804151058,
        0.047545843580000004,
        0.04739988558,
        0.04825334458,
        0.04800371958000001,
        0.047529427580000005,
        0.04815096858,
        0.048407344580000004,
        0.047743677580000005,
        0.04708171958,
        0.05765459358,
        0.04855867758,
        0.04857476058,
        0.047618177580000004,
        0.047669719580000006,
        0.04741413558,
        0.047626136580000006,
        0.04695251158,
        0.05048667758000001,
        0.048680677580000005,
        0.04870517758,
        0.04781092858,
        0.04786026058,
        0.05854759358,
        0.049026594580000006,
        0.047898802580000004,
        0.04799409458,
        0.046971052580000006,
        0.04833788658,
        0.04742355258000001,
        0.046759719580000005,
        0.047148010580000003,
        0.04840380258,
        0.048523302580000004,
        0.04782601058,
        0.04781559458,
        0.04721780258,
        0.04725984458,
        0.048830343580000005,
        0.05081830258,
        0.04696167758000001,
        0.047833344580000006,
        0.047948802580000005,
        0.04827388558,
        0.048350469580000006,
        0.04863701058,
        0.05571184458,
        0.048237386580000007,
        0.04712113558,
        0.04725288558
      ],
      "exit_codes": [
        0,
        0,
        0,
        0,
        0,
        0,
        0,
        0,
        0,
        0,
        0,
        0,
        0,
        0,
        0,
        0,
        0,
        0,
        0,
        0,
        0,
        0,
        0,
        0,
        0,
        0,
        0,
        0,
        0,
        0,
        0,
        0,
        0,
        0,
        0,
        0,
        0,
        0,
        0,
        0,
        0,
        0,
        0,
        0,
        0,
        0,
        0,
        0,
        0,
        0,
        0,
        0,
        0,
        0,
        0,
        0,
        0,
        0,
        0,
        0,
        0,
        0,
        0
      ]
    }
  ]
}
