{
  "results": [
    {
      "command": "zsh -ic exit",
      "mean": 0.1745260588357895,
      "stddev": 0.02181859510998987,
      "median": 0.17554621252,
      "user": 0.12662562631578947,
      "system": 0.05318127894736841,
      "min": 0.14401935352,
      "max": 0.21004436252,
      "times": [
        0.15447433052,
        0.16372017752,
        0.17554621252,
        0.19440205052,
        0.14401935352,
        0.15123467752,
        0.14665716252,
        0.16472132352,
        0.15401349752,
        0.19383275752,
        0.20819718552,
        0.17865692252,
        0.18078423652,
        0.19181867252,
        0.16127210352,
        0.18487775552,
        0.21004436252,
        0.20572700352,
        0.15199533252
      ],
      "exit_codes": [
        0,
        0,
        0,
        0,
        0,
        0,
        0,
        0,
        0,
        0,
        0,
        0,
        0,
        0,
        0,
        0,
        0,
        0,
        0
      ]
    }
  ]
}
