{
  "results": [
    {
      "command": "zsh -ic exit",
      "mean": 0.18347770604666666,
      "stddev": 0.008060475554824427,
      "median": 0.18384410278000002,
      "user": 0.12615189166666668,
      "system": 0.06390456500000001,
      "min": 0.17163791278,
      "max": 0.19674464078,
      "times": [
        0.19201403378,
        0.18055788678,
        0.17211425778,
        0.18408803078,
        0.18747365878,
        0.17517271078000002,
        0.19238138178,
        0.18224129178,
        0.19674464078,
        0.18384410278000002,
        0.17163791278,
        0.18425317778,
        0.19478172978,
        0.17468181078,
        0.18017896378
      ]
    }
  ]
}
