{
  "results": [
    {
      "command": "zsh -ic exit",
      "mean": 0.16885141741105264,
      "stddev": 0.0071483497427982665,
      "median": 0.16996351999,
      "user": 0.11593013210526315,
      "system": 0.05847442763157894,
      "min": 0.15473484099,
      "max": 0.17783777299,
      "times": [
        0.15682776399,
        0.17648874299,
        0.17113338399,
        0.17729220299,
        0.16996351999,
        0.15473484099,
        0.15736099299,
        0.16278013099,
        0.17085319299,
        0.17683737999000002,
        0.16809707399,
        0.17124048399,
        0.16191533999,
        0.16871788899,
        0.16869321899,
        0.16930512899,
        0.17667799899,
        0.17783777299,
        0.17141987199
      ]
    }
  ]
}
