{
  "results": [
    {
      "command": "zsh -ic exit",
      "mean": 0.6726291374050001,
      "stddev": 0.011483202989824028,
      "median": 0.6694015792050001,
      "user": 0.53190372,
      "system": 0.24608485999999993,
      "min": 0.661070558205,
      "max": 0.6966521982050001,
      "times": [
        0.664644796205,
        0.6733051572050001,
        0.6858152082050001,
        0.6636475872050001,
        0.6663665862050001,
        0.6636317492050001,
        0.678720961205,
        0.661070558205,
        0.6724365722050001,
        0.6966521982050001
      ]
    }
  ]
}
