{
  "results": [
    {
      "command": "zsh -ic exit",
      "mean": 0.9035395006450002,
      "stddev": 0.025394041834964253,
      "median": 0.9026026193450001,
      "user": 0.68809834,
      "system": 0.3459045149999999,
      "min": 0.8737060923450001,
      "max": 0.940998565345,
      "times": [
        0.9136819043450001,
        0.930866259345,
        0.8759483743450001,
        0.881713026345,
        0.916745748345,
        0.8737060923450001,
        0.881658921345,
        0.940998565345,
        0.8915233343450001,
        0.928552780345
      ]
    }
  ]
}
