{
  "results": [
    {
      "command": "zsh -ic exit",
      "mean": 0.17334996475444442,
      "stddev": 0.007675953411178939,
      "median": 0.17315644181,
      "user": 0.12118364055555556,
      "system": 0.057606151111111115,
      "min": 0.15994324731,
      "max": 0.18732829231,
      "times": [
        0.16399882730999998,
        0.17613732331,
        0.17458940831,
        0.17879468131,
        0.18509507931,
        0.18181206231,
        0.17340792731,
        0.18732829231,
        0.16765072731,
        0.16944277131,
        0.17528944231,
        0.15994324731,
        0.16897067131,
        0.16145473131,
        0.18144820631,
        0.17290495631,
        0.17009478031,
        0.17193623031
      ]
    }
  ]
}
