{
  "results": [
    {
      "command": "zsh -ic exit",
      "mean": 0.07563104778272728,
      "stddev": 0.007673574412912529,
      "median": 0.07385209951000002,
      "user": 0.056738813636363655,
      "system": 0.019172209090909092,
      "min": 0.06362087401000001,
      "max": 0.08829708301000001,
      "times": [
        0.06647907201000001,
        0.08063125601000001,
        0.08577719901000001,
        0.08469692201000001,
        0.08316281301,
        0.06803241401000001,
        0.06845549001000001,
        0.06795399001,
        0.06884633601000001,
        0.06883146001000001,
        0.06904981801000001,
        0.07621864501,
        0.06830061401000001,
        0.07400347901000001,
        0.06548107701000001,
        0.07473476801000001,
        0.07329914701000001,
        0.07141370701000001,
        0.08328549701000001,
        0.07370072001000001,
        0.07338267001000001,
        0.08700509501,
        0.08751193001,
        0.08788228201,
        0.08036489901,
        0.07354801901000001,
        0.08823835001000001,
        0.08761183701000001,
        0.08169852001000001,
        0.06632756001000001,
        0.07425041101,
        0.08829708301000001,
        0.07438284801,
        0.06658640101,
        0.07269193801000001,
        0.06692451001000001,
        0.08208367501000001,
        0.08466080901,
        0.08268414901000001,
        0.07553766801,
        0.06890029401,
        0.06362087401000001,
        0.06834866001,
        0.07287119601000001
      ]
    }
  ]
}
