{
  "results": [
    {
      "command": "zsh -ic exit",
      "mean": 0.19042701776500007,
      "stddev": 0.00952933072427677,
      "median": 0.191520135365,
      "user": 0.13624358833333333,
      "system": 0.064332695,
      "min": 0.17362051236500003,
      "max": 0.21115744436500003,
      "times": [
        0.19791573036500001,
        0.191520135365,
        0.19908630536500002,
        0.18028114536500003,
        0.19696889436500004,
        0.18924187936500003,
        0.18826980636500001,
        0.19533343936500003,
        0.19312560636500004,
        0.21115744436500003,
        0.18017298836500004,
        0.17362051236500003,
        0.18501029636500002,
        0.19406924936500003,
        0.18063183336500002
      ]
    }
  ]
}
