{
  "results": [
    {
      "command": "zsh -ic exit",
      "mean": 0.04031435121692308,
      "stddev": 0.006354822488989778,
      "median": 0.04284780514000001,
      "user": 0.027357923736263744,
      "system": 0.013069953406593407,
      "min": 0.031213096140000004,
      "max": 0.05011832614,
      "times": [
        0.03193204714,
        0.031213096140000004,
        0.042100126140000006,
        0.03442566014,
        0.045770236140000004,
        0.031388659140000004,
        0.032968258140000005,
        0.044436812140000004,
        0.03175509814000001,
        0.045199611140000005,
        0.042180872140000006,
        0.04389170614000001,
        0.04563221414,
        0.03532930814,
        0.034070058140000005,
        0.046965143140000006,
        0.031875027140000005,
        0.03194262114,
        0.042473668140000004,
        0.04270218614000001,
        0.044812127140000005,
        0.044691107140000005,
        0.04166545714000001,
        0.03282463414,
        0.044950652140000005,
        0.04495474714000001,
        0.045356554140000005,
        0.03225284514000001,
        0.044846244140000005,
        0.03376497614000001,
        0.034521452140000006,
        0.045539401140000005,
        0.04504273114000001,
        0.045156132140000006,
        0.046281095140000006,
        0.04469211414,
        0.04738163814000001,
        0.04576656014,
        0.04409183514000001,
        0.04573071814000001,
        0.04534827014000001,
        0.03238637514000001,
        0.03252202014,
        0.032134636140000006,
        0.03147911314,
        0.03259707214,
        0.04601157814,
        0.03237309514,
        0.03250669014,
        0.03628185214,
        0.031371901140000005,
        0.04774082214000001,
        0.032022871140000006,
        0.03171922814000001,
        0.043810568140000006,
        0.045981460140000006,
        0.04572689314,
        0.03177722814,
        0.04484423414000001,
        0.04284780514000001,
        0.03148565114,
        0.03292492914,
        0.04421389214,
        0.04553575914000001,
        0.045454991140000005,
        0.031925978140000005,
        0.049760697140000004,
        0.04906664714,
        0.047712178140000006,
        0.04277639114,
        0.05011832614,
        0.041985267140000004,
        0.04544922214,
        0.04983613814000001,
        0.044246926140000004,
        0.03191437414000001,
        0.031850834140000006,
        0.04150005314000001,
        0.04456793514000001,
        0.04181179714,
        0.034902504140000006,
        0.04976883314,
        0.04549222714000001,
        0.04528592514,
        0.045748614140000005,
        0.04593056014000001,
        0.038995755140000005,
        0.031797869140000004,
        0.03397467614000001,
        0.03361102214,
        0.04490084214000001
      ],
      "exit_codes": [
        0,
        0,
        0,
        0,
        0,
        0,
        0,
        0,
        0,
        0,
        0,
        0,
        0,
        0,
        0,
        0,
        0,
        0,
        0,
        0,
        0,
        0,
        0,
        0,
        0,
        0,
        0,
        0,
        0,
        0,
        0,
        0,
        0,
        0,
        0,
        0,
        0,
        0,
        0,
        0,
        0,
        0,
        0,
        0,
        0,
        0,
        0,
        0,
        0,
        0,
        0,
        0,
        0,
        0,
        0,
        0,
        0,
        0,
        0,
        0,
        0,
        0,
        0,
        0,
        0,
        0,
        0,
        0,
        0,
        0,
        0,
        0,
        0,
        0,
        0,
        0,
        0,
        0,
        0,
        0,
        0,
        0,
        0,
        0,
        0,
        0,
        0,
        0,
        0,
        0,
        0
      ]
    }
  ]
}
