{
  "results": [
    {
      "command": "zsh -ic exit",
      "mean": 0.16477265523833334,
      "stddev": 0.01005541789786995,
      "median": 0.166707892905,
      "user": 0.11432581500000001,
      "system": 0.05600575277777778,
      "min": 0.14773142190500002,
      "max": 0.18873444690500002,
      "times": [
        0.158420236905,
        0.18873444690500002,
        0.174568100905,
        0.159555942905,
        0.171405943905,
        0.170437136905,
        0.149287680905,
        0.169079293905,
        0.168284394905,
        0.166637791905,
        0.164230074905,
        0.163867700905,
        0.151168831905,
        0.14773142190500002,
        0.155332972905,
        0.171309536905,
        0.169078290905,
        0.166777993905
      ]
    }
  ]
}
