{
  "results": [
    {
      "command": "zsh -ic exit",
      "mean": 0.1710643945942857,
      "stddev": 0.021783624662776287,
      "median": 0.17052643338,
      "user": 0.12467230285714286,
      "system": 0.05216739999999999,
      "min": 0.14258112938,
      "max": 0.20239390038000002,
      "times": [
        0.20049165038,
        0.14439330238,
        0.17210271138,
        0.18079518138,
        0.16895015538,
        0.14552453738,
        0.19950120038000002,
        0.20239390038000002,
        0.14258112938,
        0.18717493338000002,
        0.18453988638000002,
        0.15569821338,
        0.14954209638000002,
        0.16121262638
      ],
      "exit_codes": [
        0,
        0,
        0,
        0,
        0,
        0,
        0,
        0,
        0,
        0,
        0,
        0,
        0,
        0
      ]
    }
  ]
}
