{
  "results": [
    {
      "command": "zsh -ic exit",
      "mean": 0.16378107336394737,
      "stddev": 0.009011362313782493,
      "median": 0.16320565578500001,
      "user": 0.10975524894736842,
      "system": 0.05954055526315789,
      "min": 0.146476324785,
      "max": 0.180756150785,
      "times": [
        0.15067177178500002,
        0.161315593785,
        0.164566006785,
        0.180756150785,
        0.15643678978500003,
        0.16583088078500002,
        0.16320565578500001,
        0.169872665785,
        0.16299983878500002,
        0.15776631078500003,
        0.159847038785,
        0.17026955978500002,
        0.17822661978499998,
        0.15818897378500002,
        0.164035730785,
        0.146476324785,
        0.177819945785,
        0.15627938678500003,
        0.167275148785
      ]
    }
  ]
}
