{
  "results": [
    {
      "command": "zsh -ic exit",
      "mean": 0.1745391229529412,
      "stddev": 0.010607499095222354,
      "median": 0.17275360760000003,
      "user": 0.12384658470588236,
      "system": 0.060402696176470594,
      "min": 0.15641817360000002,
      "max": 0.20209624760000003,
      "times": [
        0.16758933660000003,
        0.17022224860000001,
        0.1692556886,
        0.1621503316,
        0.16595104360000001,
        0.18035550360000002,
        0.1789984816,
        0.1882501276,
        0.1781767736,
        0.1731278266,
        0.20209624760000003,
        0.15641817360000002,
        0.17031092060000003,
        0.17084394660000002,
        0.17635264560000002,
        0.17275360760000003,
        0.1843121866
      ]
    }
  ]
}
