{
  "results": [
    {
      "command": "zsh -ic exit",
      "mean": 0.16890247407611111,
      "stddev": 0.012887358181798852,
      "median": 0.16878442796499998,
      "user": 0.11844179611111112,
      "system": 0.056201904999999996,
      "min": 0.150034776965,
      "max": 0.187784318965,
      "times": [
        0.160192381965,
        0.167617287965,
        0.156484119965,
        0.155575975965,
        0.150034776965,
        0.152835172965,
        0.163221272965,
        0.185856602965,
        0.186452483965,
        0.151749825965,
        0.163577014965,
        0.170609930965,
        0.179548534965,
        0.169951567965,
        0.187784318965,
        0.179805918965,
        0.175387605965,
        0.183559738965
      ]
    }
  ]
}
