{
  "results": [
    {
      "command": "zsh -ic exit",
      "mean": 0.16813383524611114,
      "stddev": 0.00967663509092247,
      "median": 0.16689509613500003,
      "user": 0.12006555888888888,
      "system": 0.05755299444444443,
      "min": 0.15032219363500002,
      "max": 0.18958495163500003,
      "times": [
        0.15969980363500003,
        0.17295976063500001,
        0.169215561635,
        0.167307467635,
        0.17790445363500001,
        0.16593867763500003,
        0.18233819563500003,
        0.15807034463500003,
        0.18958495163500003,
        0.163899060635,
        0.15628195363500003,
        0.16456921163500002,
        0.15032219363500002,
        0.16667413063500003,
        0.167116061635,
        0.17921503863500002,
        0.16471426563500002,
        0.17059790163500002
      ]
    }
  ]
}
