{
  "results": [
    {
      "command": "zsh -ic exit",
      "mean": 0.031074371842222236,
      "stddev": 0.0026255732889339765,
      "median": 0.030547555620000003,
      "user": 0.02327868505050506,
      "system": 0.008172517373737375,
      "min": 0.029155930620000003,
      "max": 0.04655872162,
      "times": [
        0.030016721620000002,
        0.03133138862,
        0.03127022162,
        0.03187409662,
        0.030150721620000005,
        0.03148718062,
        0.030231179620000003,
        0.031253387619999996,
        0.030695013620000003,
        0.030928013620000003,
        0.030498971620000002,
        0.030057055620000002,
        0.04557409662,
        0.03179938762,
        0.030104388620000002,
        0.031104055620000005,
        0.030881805620000004,
        0.03271597162,
        0.030626971620000002,
        0.030059971620000004,
        0.029820637620000003,
        0.029911512620000004,
        0.030276346620000002,
        0.030476971620000005,
        0.03105338762,
        0.030735512620000002,
        0.030544971620000003,
        0.030111596620000004,
        0.030290846620000002,
        0.029914930620000002,
        0.03155888762,
        0.030161262620000004,
        0.04655872162,
        0.03197722162,
        0.031234221620000006,
        0.030228929620000004,
        0.030565304620000004,
        0.030024721620000003,
        0.030680929620000002,
        0.029155930620000003,
        0.03046813862,
        0.029255513620000003,
        0.030733096620000004,
        0.029973304620000002,
        0.030186429620000003,
        0.030093887620000002,
        0.030566804620000002,
        0.031111346620000004,
        0.03254297162,
        0.03238013762,
        0.03131188862,
        0.030642137620000003,
        0.029841887620000004,
        0.029980012620000003,
        0.029822805620000004,
        0.030904721620000002,
        0.029526221620000005,
        0.030622221620000004,
        0.029837596620000004,
        0.030841763620000004,
        0.03262242962,
        0.03613484662,
        0.042282763620000004,
        0.030979096620000004,
        0.030553013620000003,
        0.030612430620000002,
        0.030394388620000004,
        0.031133679620000004,
        0.03124634662,
        0.030755096620000002,
        0.029482179620000003,
        0.03086518062,
        0.030129596620000004,
        0.030369346620000005,
        0.030247721620000004,
        0.03134142962,
        0.030312430620000004,
        0.030302846620000004,
        0.030313680620000002,
        0.030344013620000002,
        0.03245963762,
        0.030955346620000004,
        0.031048054620000005,
        0.029889221620000003,
        0.030187137620000002,
        0.029903596620000004,
        0.030508138620000003,
        0.029641721620000002,
        0.030824388620000004,
        0.030516221620000002,
        0.030547555620000003,
        0.029409846620000003,
        0.029570262620000003,
        0.029945388620000003,
        0.030681887620000004,
        0.030823137620000003,
        0.02950713862,
        0.03089917962,
        0.030036096620000004
      ],
      "exit_codes": [
        0,
        0,
        0,
        0,
        0,
        0,
        0,
        0,
        0,
        0,
        0,
        0,
        0,
        0,
        0,
        0,
        0,
        0,
        0,
        0,
        0,
        0,
        0,
        0,
        0,
        0,
        0,
        0,
        0,
        0,
        0,
        0,
        0,
        0,
        0,
        0,
        0,
        0,
        0,
        0,
        0,
        0,
        0,
        0,
        0,
        0,
        0,
        0,
        0,
        0,
        0,
        0,
        0,
        0,
        0,
        0,
        0,
        0,
        0,
        0,
        0,
        0,
        0,
        0,
        0,
        0,
        0,
        0,
        0,
        0,
        0,
        0,
        0,
        0,
        0,
        0,
        0,
        0,
        0,
        0,
        0,
        0,
        0,
        0,
        0,
        0,
        0,
        0,
        0,
        0,
        0,
        0,
        0,
        0,
        0,
        0,
        0,
        0,
        0
      ]
    }
  ]
}
