{
  "results": [
    {
      "command": "zsh -ic exit",
      "mean": 0.04863564622229507,
      "stddev": 0.0008429527553863446,
      "median": 0.04857124996,
      "user": 0.036071351475409845,
      "system": 0.013099276065573769,
      "min": 0.04648199996,
      "max": 0.05118516696,
      "times": [
        0.04867362496,
        0.04931370896,
        0.04813562496,
        0.04866766696,
        0.04938799996,
        0.04801737496,
        0.04831004196,
        0.05028337496,
        0.05009645796,
        0.04928104096,
        0.04770774996,
        0.04894199996,
        0.04857124996,
        0.04925087496,
        0.04828183296,
        0.04795037496,
        0.04916829196,
        0.04858479196,
        0.04753583396,
        0.04830949996,
        0.04801712596,
        0.04845133296,
        0.04814204196,
        0.04845049996,
        0.04800141696,
        0.04648199996,
        0.04716404196,
        0.04948570796,
        0.05118516696,
        0.04970545796,
        0.04904270896,
        0.04812070796,
        0.04795566696,
        0.04861395796,
        0.04793870796,
        0.04770487496,
        0.04977658296,
        0.04960183296,
        0.048216332960000004,
        0.04875787496,
        0.04883008296,
        0.04813824996,
        0.047802666960000004,
        0.04845858396,
        0.04925812496,
        0.04755679196,
        0.04825999996,
        0.04865174996,
        0.05111212596,
        0.04966529196,
        0.048147333960000004,
        0.04915299996,
        0.04874395796,
        0.04862641696,
        0.04867191696,
        0.04857470796,
        0.048040749960000004,
        0.04842929196,
        0.04824949996,
        0.04883574996,
        0.04828466696
      ],
      "exit_codes": [
        0,
        0,
        0,
        0,
        0,
        0,
        0,
        0,
        0,
        0,
        0,
        0,
        0,
        0,
        0,
        0,
        0,
        0,
        0,
        0,
        0,
        0,
        0,
        0,
        0,
        0,
        0,
        0,
        0,
        0,
        0,
        0,
        0,
        0,
        0,
        0,
        0,
        0,
        0,
        0,
        0,
        0,
        0,
        0,
        0,
        0,
        0,
        0,
        0,
        0,
        0,
        0,
        0,
        0,
        0,
        0,
        0,
        0,
        0,
        0,
        0
      ]
    }
  ]
}
