{
  "results": [
    {
      "command": "zsh -ic exit",
      "mean": 0.26894804763454544,
      "stddev": 0.010774644013655387,
      "median": 0.27115659618,
      "user": 0.17150656363636363,
      "system": 0.1204210309090909,
      "min": 0.24812624717999998,
      "max": 0.28137937518,
      "times": [
        0.27055143818,
        0.28137937518,
        0.27708188918,
        0.27706801518,
        0.27473656618000003,
        0.27851192018,
        0.27115659618,
        0.26019863818,
        0.24812624717999998,
        0.26549787118,
        0.25411996718
      ],
      "exit_codes": [
        0,
        0,
        0,
        0,
        0,
        0,
        0,
        0,
        0,
        0,
        0
      ]
    }
  ]
}
