{
  "results": [
    {
      "command": "zsh -ic exit",
      "mean": 0.17572615033750005,
      "stddev": 0.008787462315683345,
      "median": 0.17419306702500004,
      "user": 0.1245366675,
      "system": 0.057464412500000006,
      "min": 0.16388031902500003,
      "max": 0.19542743002500002,
      "times": [
        0.18177488002500003,
        0.17546344202500003,
        0.19542743002500002,
        0.19243195002500002,
        0.18334643602500003,
        0.16388031902500003,
        0.17557718402500003,
        0.17102473002500002,
        0.170175498025,
        0.16919439702500003,
        0.17369709202500003,
        0.17300017702500003,
        0.16709073102500002,
        0.17749201102500003,
        0.16735308602500001,
        0.17468904202500002
      ]
    }
  ]
}
